Name,Price,MRP,Page Number
Perfect Slim & Pre-rolled Rolling Paper by Bongchie,90,90,1
Brown Rolling Paper (Small) - Stash Pro,45,45,1
Metallic Herb Grinder/ Crusher By Outontrip,250,250,1
Flavoured Pre Rolled Cones by Sesh,120,120,1
Classic Filter Tips & Rolling Paper (King Size) - Raw,150,150,1
Thrice a Day Black Edition Rolling Paper by Bongchie,100,100,1
Pink Rolling Paper (King Size Slim) - Stash Pro,70,70,1
Perfect Ultra Thin Pre Rolled Cones by Bongchie,90,90,1
Black Organic Hemp Slim Rolling Paper (King Size) - Raw,120,120,1
Cupid Pre Rolled Cones by LIT,169,169,1
Brown Party Cone Rolling Paper by Stash Pro,80,80,1
White Rolling Paper Tips - Elements,50,50,1
Perfect Party Pre Rolled Cones (Natural) by Bongchie,80,80,1
Perfect Pre Rolled Cones by Bongchie,150,150,1
Hokkaido Mango Splash Herbal Smoking Blend (Non-Tobacco) by The Herb Company,269,269,1
Perfect Party Pre Rolled Cones (White) by Bongchie,80,80,1
Garden of Eden Herbal Smoking Blend (Non-Tobacco) by The Herb Company,219,219,1
Hokkaido Herbal Smoking Blend (Non-Tobacco) By The Herb Company,219,219,1
Vaporwave Herbal Smoking Blend (Non-Tobacco) by The Herb Company,219,219,1
Thins Pre Rolled Cones by LIT,60,60,1
Bongchie Double Rolling Paper with mixing tray,220,220,2
Black Slim Rolling Paper (King Size) - Raw,100,100,2
Pocket Rolling Paper Kit By Sesh,250,250,2
Mozo without Filter (Natural) Rolling Paper by Bongchie,50,50,2
Thrice a Day Purple Haze Rolling Paper by Bongchie,100,100,2
Pyramid Hemp Pre Rolled Cones LIT,20,20,2
White Thin Rolling Paper (King Size) - Elements,80,80,2
Perfect King Size Pre Rolled Cones by Bongchie,150,150,2
Pyramid Pink Rolling Paper by LIT,20,20,2
Mozo without Filter Rolling Paper (White) by Bongchie,50,50,2
Mozo 1/4 without Filter Rolling Paper (Brown) by Bongchie,60,60,2
Pyramid Unbleached Handcrafted Rolled Cones by LIT,88,88,2
Mozo 1/4 with Filter Rolling Paper (White) by Bongchie,100,100,2
Mozo 1/4 Rolling Paper without Filter (White) by Bongchie,60,60,2
Carbon Filters (6 mm) by SLIMJIM,200,200,2
Super Slim White Rolling Paper by Stash Pro,55,55,2
Thrice a Day Pure Hemp Rolling Paper by Bongchie,90,90,2
White Party Cone Rolling Paper by Stash Pro,80,80,2
Elite Pack Purple Rolling Paper & Tips by LIT,120,120,2
420 Double Booklet Brown Rolling Paper & Filter by LIT,222,222,2
Elite Pack Hemp Rolling Paper & Tips by LIT,120,120,3
Glassy Wrap Clear Rolling Paper & Tips by LIT,300,300,3
Thrice A Day Rolling Paper (White) - Bongchie,90,90,3
Pyramid Rice Handcrafted Pre Rolled Cones by LIT,88,88,3
Carbon Filters (7 mm) by SLIMJIM,200,200,3
Tripod 3 Cone Holder by SLIMJIM,249,249,3
Elite Pink Rolling Paper & Tips by LIT,120,120,3
420 Double Booklet Rolling Paper & Tips by LIT,222,222,3
Unbleached Thins Pre Rolled Cones Jar by LIT,400,400,3
Pyramid Giant Pre Rolled Cones by LIT,199,199,3
Herb Mixing Rolling Tray by Stash Pro,300,300,3
Thins Pre Rolled Cones Jar by LIT,420,420,3
Rolls Carbon Smoking Filter by LIT,399,399,3
Pyramid Pre Rolled Cones by LIT,420,420,3
Pyramid Organic Pre Rolled Cones by LIT,420,420,3
Herb Mixing Rolling Tray by Stash Pro,300,300,3
Medium 3 layer Crusher with Cleaning Mesh by Stash Pro,650,650,3
Small 2 layer Crusher with Cleaning Mesh by Stash Pro,550,550,3
Small Metal Rolling Tray (Colour may Vary) by Stash Pro,350,350,3
Large Metal Rolling Tray by Stash Pro,450,450,3
Ultimate Rolling Paper with Filter Tips & Crushing Tray (King Size, Unbleached) - Mozo,90,90,4
Rolled Cones by SLIMJIM,90,60,4
Thrice A Day Rolling Paper (Natural) - Bongchie,90,90,4
Hemp King Size Rolling Paper by SLIMJIM,100,100,4
Brown Classic Slim Rolling Paper (King Size) - Raw,80,80,4
Pyramid Black Pre Rolled Cones by LIT,20,20,4
Pyramid Purple Pre Rolled Cones by LIT,20,20,4
Mozo 1/4 with filter Rolling Paper (Brown) By Bongchie,100,100,4
Herb Grinder & Crusher by LIT,299,299,4
High Density Smoking Filters by Stash Pro,149,149,4
Bio-Degradeble Crusher by Stash Pro,300,300,4Name,Price,MRP,Page Number
Amul Shakti Fresh Milk,31,31,1
Mother Dairy Cow Fresh Milk,29,29,1
Amul Moti Toned Milk (90 Days Shelf Life),33,33,1
Amul Gold Full Cream Fresh Milk + Baby Banana Combo,76,65,1
Joi Farm Regular Cow Fresh Milk,42,40,1
Mother Dairy Super-T Plus Fresh Milk,32,32,1
Mother Dairy FIT Life Homogenized Double Toned Milk,10,10,1
Go Supremo Cow Milk,82,72,1
Amul Calci+ Milk,25,25,1
Amul Cow Milk,74,74,1
Amul Slim 'n' Trim Skimmed Milk (Zero Cholesterol),80,77,1
Metro Toned Fresh Milk,27,27,1
Mother Dairy Toned Fresh Milk,24,24,1
Mother Dairy Refreshing Sweet Lassi - Pack of 4,80,72,1Name,Price,MRP,Page Number
Raw Turmeric (Kacha Haluda),40,29,1
Green Brinjal (Beguni),45,34,1
Corn Cob (Makha),26,21,1
Ridge Gourd (Jhinge),51,38,1
Radish - Pack of 2 (Mooli),94,73,1
Raw Banana (Kacha Kela),91,70,1
Round Bottle Gourd (Gol Lau),49,39,1
Arvi (Kochu),65,47,1
Baby Pumpkin (Kumro),41,33,1
Banana Flower (Kolar Phool),42,32,1
Knol Khol,17,14,1
Bajji Chilli (Lanka),31,24,1
Maan Kochu,22,18,1
Onion - Sukhsagar (Peyaj),50,39,1
Yam Bean (Shakalu) (Ratalu (Shakalu)),33,25,1
Garlic Ekali (Rasun),246,177,1
Garlic - Peeled (Rasun),180,39,1
Spinach - Pack of 2 (Palak),42,32,1
Curry Leaves (Curry Pata),29,23,1
Mint Leaves (Pudina Pata),21,16,1
Spring Onion,33,26,2
Iceberg Lettuce,85,66,2
Gandharaj Lime Pack (Gondhoraj Lebu),76,56,2
Red Amaranthus Leaves (Laal Shak),23,18,2
Chow Chow,39,28,2
Malabar Spinach (Pui Shaak),24,18,2
Lettuce Mix,98,79,2
Fresh Thyme,22,17,2
Groundnuts (Moongfali),107,83,2
Kulekhara Leaves (Pata),25,20,2
Giloy Stick,75,11,2
Green Capsicum (Shimla Mircha),28,21,2
Orange Carrot (Gajor),29,22,2
French Beans - 250 g (Same),23,19,2
Garlic (Lehsun),62,45,2
Hybrid Tomato 500 g (Tamatar),20,15,2
Red Carrot - 500 g - Pack of 2 (Gajor),80,63,2
Lady Finger (Bhindi),26,21,2
Beetroot (Beet),35,26,2
English Cucumber (Shosha),98,70,2
Bottle Gourd (Lau),52,39,3
Sweet Potato (450-600) g (Misti Alu),50,36,3
Bullet Green Chilli (Lanka),14,10,3
Pointed Gourd,23,18,3
Green Unpeeled Chick Peas (Hara Chana),54,39,3
Red Picador Chilli (Lanka),37,27,3
Drumstick (Dhaata),37,29,3
Ivy Gourd (Same),24,19,3
Cowpea Beans (Sheem),27,21,3
Green Tomato (Tamatar),14,11,3
Red Potato (Alu),55,40,3
Red Radish (Mooli),37,27,3
Turnip (Shalgam),25,19,3
Colocasia Stem (Kochu Gaach),52,40,3
Combo of 5 - Hybrid Tomato 500 g + Green Peas 250 g + Garlic 200 g + Ginger 200 g + Green Chilli 100 g,157,119,3
Coriander Bunch - Pack of 2 (Dhaniya Patti),32,25,3
Broccoli (Hara Phoolgobhi),61,44,3
Mixed Sprouts,75,47,3
Sweet Corn - Packet (Mitha Corn),75,44,3
Red Bell Pepper,46,33,3
Green Moong Sprouts,70,37,4
Green Lettuce,71,55,4
Cherry Tomatoes (Cherry Tamatar),150,30,4
Yellow Bell Pepper,43,33,4
Baby Corn - Packet,53,42,4
Parsley,20,15,4
Fresh Rosemary,38,31,4
Fenugreek - Pack of 2 (Methi),72,53,4
Italian Basil Leaves (Tulsi Pata),25,20,4
Bok Choy,79,62,4
Kalmi Saag,54,40,4
Chopped Garlic (Rasun),101,77,4Name,Price,MRP,Page Number
Coolberg Malt Non-Alcoholic Beer,99,99,1
Coolberg Non Alcoholic Beer (Assorted),594,547,1
Sepoy & Co. Premium Ginger Non-Alcoholic Beer,95,89,1
paper boat Zero Cranberry Lime Sparkling Water (Sugar Free),60,59,1
Coca-Cola Vanilla Soft Drink,199,169,1
Polka Pop Zero Sugar Lemon-Lime Sparkling Drink,40,32,1
Heineken 0.0 Non Alcoholic Beer,120,115,1
Perrier Sparkling Water,165,165,1
Polka Pop Zero Sugar Cranberry Sparkling Water,40,36,1
Fanta Orange Soft Drink (Zero Sugar),240,240,1
Dr Pepper Sparkling Fruit Flavour Soft Drink,220,220,1
Jacob's Creek Unvined Shiraz Non-Alcoholic Wine (750 ml),900,825,1
Jacob's Creek Unvined Riesling Non-Alcoholic Wine (187 ml),275,261,1
BLND Tonic Water Peach & Mango,80,79,1
Jacob's Creek Unvined Riesling Non-Alcoholic Wine,900,825,1
Coca-Cola Soft Drink,99,96,1
Mirinda Soft Drink,40,40,1
Pepsi Cola Soft Drink,240,208,1
Perrier Natural Sparkling Water,325,325,1
Sprite Lime Flavoured Soft Drink (2 l),99,96,1
Mirinda Soft Drink,40,40,2
7UP Soft Drink,40,40,2
paper boat Zero Lemon Lime Sparkling Drink (Sugar Free),60,59,2
7UP Nimbooz with Lemon Juice,20,20,2
Limca Lemon 'N' Lime Soft Drink 750 ml,40,40,2
paper boat Zero Green Apple Sparkling Drink (Sugar Free),60,60,2
Coca-Cola Diet Coke Soft Drink,40,40,2
Coca-Cola Zero Sugar Soft Drink Can,40,40,2
paper boat Zero Sugar Peach Sparkling Water,60,59,2
Thums Up Soft Drink (300 ml),40,40,2
Bacardi Mixr Mojito Premium Cocktail Mix,190,190,2
Coca-Cola Soft Drink (300 ml),40,40,2
Mountain Dew Grip Lime Soft Drink - Pack of 2,80,76,2
Limca Lemon 'N' Lime Soft Drink 2 l,99,96,2
Mountain Dew Soft Drink,40,40,2
paper boat Zero Dark Roast Coffee Sparkling Drink (Sugar Free),60,60,2
Mirinda Soft Drink (2.25 l) - Pack of 2,200,170,2
Schweppes Ginger Ale - Pack of 6,360,330,2
Fanta Flavoured Orange Soft Drink,99,96,2
Coca-Cola Soft Drink - Pack of 2,30,29,2
Pepsi Soft Drink,40,40,3
Sprite Lime Flavoured Soft Drink - Pack of 4,160,154,3
Thums Up Pet Bottle - 250 ml,20,20,3
Pepsi Zero Sugar Soft Drink,240,231,3
Coolberg Strawberry Non-Alcoholic Beer,99,99,3
Fanta Orange Flavoured Soft Drink (2.25 l),99,94,3
Sepoy & Co. Classic Lemonade + Sepoy & Co. Original Ginger Ale Combo,380,342,3
Tipsy Tiger Fresh Lime Soda - Sparkling Water and Lemon Drink - Pack of 2,178,161,3
Budweiser Green Apple Beer,90,80,3
Tipsy Tiger Fresh Lime Soda + Ginger Ale Combo,178,139,3
paper boat Zero Mint Mojito Sparkling Water (Sugar Free),60,59,3
paper boat Zero Yuzu Orange Sparkling Water (Sugar Free),60,59,3
paper boat Zero Ginger Lemon Sparkling Drink (Sugar Free),60,59,3
Toyo Kombucha Non-Alcoholic Sparkling Tea (Ginger Lemon),95,95,3
Toyo Kombucha Non-Alcoholic Sparkling Tea,95,95,3
Coca-Cola Vanilla Soft Drink (Zero Sugar),220,208,3
Toyo Kombucha Non-Alcoholic Sparkling Tea (Cranberry),95,95,3
Jameson Ginger Ale,100,90,3
Jacob's Creek Unvined Shiraz Non-Alcoholic Wine,275,261,3
paper boat Zero Crisp & Citrusy Indian Tonic Water (Sugar Free),60,59,3
Coca-Cola Cherry Flavoured Soft Drink,220,208,4
Jade Forest Iced Tea - Berry Blush,79,79,4
Fanta Fruit Twist Soft Drink,220,208,4
Schweppes Ginger Ale,139,130,4
Sepoy & Co. Mixed Berry Sparkling Drink,95,89,4
Sepoy & Co. Pink Rose Sparkling Drink,95,89,4
The Original Shikanji Co Nimbu Masala Juice,80,72,4
Sepoy & Co. Classic Sparkling Drink,95,89,4
Sepoy & Co. Tropical Sparkling Drink,95,91,4
The Original Shikanji Co Jeera Masala Juice,80,72,4
Polka Pop Zero Sugar Orange Sparkling Drink - Pack of 2,80,63,4
Polka Pop Zero Sugar Peach Sparkling Water - Pack of 2,80,70,4
Jade Forest Iced Tea - Floral Rush,89,89,4
Fanta Lemon Flavour Soft Drink,220,220,4Name,Price,MRP,Page Number
Snackible Dipsters Piri Piri Ragi Chips with Cheesy Jalapeno Dip,50,48,1
Too Yumm Smoking Hot Bhoot Potato Wafers (Bhut Jolokia Chillies),60,50,1
Chheda's Long Masala Banana Chips,95,88,1
Crax Corn Rings Tangy Tomato Crisps Puffs,25,23,1
Pringles Original Potato Chips (40 g),60,57,1
Chheda's Salt-n-Pepper Banana Chips - 170 g,85,79,1
Crax Curls Chatpata Masala Puffs - Pack of 3,180,99,1
Crax Biggies Swiss Cheese Puffs,60,39,1
Crax Cheese Balls Puffs - Pack of 4,240,120,1
Bingo Mad Angles Tomato Madness Crisps,20,20,1
Beyond Snack Kerala Peri Peri Banana Chips - Pack of 2,120,108,1
Bingo Mad Angles Masala Madness Crisps,20,20,1
Too Yumm Smoking Hot Bhoot Potato Chips (Bhut Jolokia Chillies),60,51,1
Pringles Sour Cream & Onion Potato Chips - Pack of 2,240,204,1
Pringles Pizza Flavoured Potato Chips - Pack of 2,240,204,1
Crax Corn Rings Masala Mania Puffs - Pack of 3,75,63,1
Too Yumm Smoking Hot Bhoot Karare Crisps (Bhut Jolokia Chillies),20,19,1
Pringles South African Peri Peri Chips - Pack of 2,240,204,1
Lay's Classic Salted Flavor Potato Chips - Pack of 2,100,80,1
Bingo Mad Angles Achaari Masti Crisps,50,45,1
Peppy Tomato Discs Crisps,60,45,2
Beyond Snack Original Style Kerala Banana Chips - Pack of 2,190,171,2
Beyond Snack Peri Peri Kerala Banana Chips - Pack of 2,190,171,2
Lay's Wafer Potato Chips (Red Chilli),50,40,2
Bingo Hashtags Hot & Spicy Korean Style Chips,30,27,2
Crax Crunchy Pipes Puffs,60,39,2
4700BC Himalayan Salt Crunchy Corn - Pack of 3,150,128,2
4700BC Hawaiian Barbeque Crunchy Corn - Pack of 3,150,128,2
Beyond Snack Kerala Sour Cream, Onion & Parsley Banana Chips - Pack of 2,120,108,2
Pringles Desi Masala Tadka Potato Chips - Pack of 2,240,204,2
Pringles Sour Cream & Onion Potato Chips + Pringles Original Potato Chips Combo,240,204,2
Pringles Sour Cream & Onion Potato Chips (40 g) +  Original Potato Chips (40 g) Combo,120,113,2
Farmley Hot & Spicy Makhana Munchies Crisps- Korean Hot & Spicy,30,29,2
Cornitos Crusties Korean Chilli Puffs,60,45,2
Yellow Diamond Sizzling Cheese Potato Chips,50,35,2
Bingo Baked No Rulz Masala Curlz Puffs - Pack of 2,100,50,2
Cornitos Crusties Classic Cheese Balls Puffs,50,38,2
Beyond Snack Banana Chips (Rock Salt),75,69,2
Natkhat Classic Wheat Puffs - Pack of 2,120,72,2
Beyond Snack Hot and Sweet Chilli Kerala Banana Chips - Pack of 2,120,108,2
Yellow Diamond Spicy Korean Potato Chips,50,36,3
Let's Try Lite Snack Sticks,60,42,3
Orion Korean Kimchi K Snack Onion Rings,60,51,3
Too Yumm Spicy Chilli Wafers Potato Chips,50,44,3
Pringles Original Potato Chips - Pack of 2,240,204,3
Too Yumm Indian Masala Chips,70,49,3
Sundrop Snacko Corn Puffs Cheese & Herbs Bakes - Buy 1 Get 1 Free,50,50,3
Let's Try Masala Boondi,120,108,3
Yellow Diamond Classic Salted Potato Chips,50,36,3
Bingo Hashtags Hot & Spicy Korean Style Chips + Bingo Mad Angles Achaari Masti Crisps Combo,50,45,3
Yellow Diamond Naga Spicy Punch Potato Chips,50,36,3
Yellow Diamond Cream N Onion Potato Chips,50,27,3
Too Yumm American Style Cream & Onion Potato Chips,70,49,3
Kellogg's Chocos Fills Double Chocolaty Snack Cereal + Pringles Pizza Flavoured Potato Chips Combo,325,260,3
Too Yumm Kashmiri Chilli Potato Chips,50,44,3
Bingo Mad Angles Very Peri Peri Crisps,50,45,3
Kellogg's Chocos Fills Double Chocolaty Snack Cereal + Pringles Sour Cream & Onion Potato Chips Combo,325,260,3
Sweet Karam Coffee Nendran Banana Chips,69,66,3
Yellow Diamond Piri Piri Chips,50,35,3
Cornitos Crusties Fiery Peri Peri Puffs,60,45,3
Sweet Karam Coffee Tapioca Chips - No Palm Oil,69,66,4
4700BC Hawaiian Barbeque Corn Popped Chips +,50,47,4
Cornitos Crusties Honey Chilli Potato Puffs,50,38,4
Sweet Karam Coffee Kerala Tapioca Chips - Indian Masala,69,66,4
BRB Pudina Punch Rice Popped Chips - Pack of 3,120,112,4
BRB Potato Popped Chips (Spicy Chipotle Flavour),40,39,4
Orion Turtle Mexican Lime Corn Chips,100,97,4
Crax Fritts Corn & Potato Stick (Cream & Onion) - Pack of 3,180,99,4
BRB Peri Peri Rice Popped Chips - Pack of 3,120,112,4
Let's Try Crunchy Soya Sticks,120,108,4
Taali Cheese & Herbs Protein Puffs,59,54,4
Lay's Spanish Tomato Tango Flavor Potato Chips - Pack of 2,100,80,4
Saffola Crunchiez Ragi (Munchiez) Chips Masala,60,40,4
Let's Try Pudina Potato Wafers,60,54,4
Let's Try Desi Spicy Wafers,60,54,4
Orion Korean 3X Spicy K Snack Ring Puffs,60,51,4
BRB Potato Popped Chips (Pasta Cheese Flavour),40,39,4
Yellow Diamond Pipes Salted & Crunchy Puffs,50,27,4
Taali Smoky Barbeque Protein Puffs,59,54,4
Too Yumm Baked Tomato Thunder Rings Crisps,60,42,4
Let's Try Garlic Ribbon Murukku,120,108,5
4700BC Salt & Truffle Corn Popped Chips +,50,47,5
Garden Yellow Banana Chips,99,90,5
Let's Try Vrat Mota Chips / Aloo Chips,45,36,5
BRB Classic Salted Rice Popped Chips,40,39,5
Pringles Tangy Tomato Twist Potato Chips - Pack of 2,240,204,5
Kellogg's Chocos Fills Double Chocolaty Snack Cereal + Pringles South African Peri Peri Chips Combo,325,260,5
Kellogg's Chocos Fills Double Chocolaty Snack Cereal + Pringles Desi Masala Tadka Potato Chips Combo,325,260,5
Yellow Diamond Cheese Puff Corn,50,29,5
Kellogg's Chocos Fills Double Chocolaty Snack Cereal + Pringles Original Potato Chips Combo,325,260,5
Too Yumm XoXo Chips Bold Tomato,60,42,5
To Be Honest Golden Sweet Potato Chips with Peri Peri,110,99,5
Pringles Sour Cream & Onion Potato Chips + Tangy Tomato Twist Potato Chips Combo,240,204,5
Too Yumm Smoking Hot Bhoot Potato Chips (Bhut Jolokia Chillies) +  Smoking Hot Bhoot Karare Crisps Combo,80,68,5
BRB Potato Popped Chips (Salt & Pepper Flavour),40,39,5
Pringles Sour Cream & Onion Potato Chips +  Sour Cream & Onion Potato Chips (40 g) Combo,180,158,5
Bikano Classic Salted Wafers,55,55,5
Beyond Snack Kerala Peri Peri Banana Chips + Beyond Snack Kerala Sour Cream, Onion & Parsley Banana Chips Combo,120,108,5
Unibic Pop Crisp Cream & Onion Popped Chips,99,60,5
Kellogg's Real Almond Honey Corn Flakes + Pringles Original Potato Chips Combo,219,197,5
Crax Natkhat Chatpata Imli Wheat Puffs,60,30,6
To Be Honest Sweet Ripe Banana Chips with Amchur & Chilli,110,99,6
Natkhat Masala Wheat Puffs,60,39,6
Banner & Co Hot Truffle Popped Chips,100,70,6
Beyond Snack Kerala Banana Chips Puspha 2 Fire Edition,75,64,6
Orion K Snack Kimchi Onion Rings +  K Snack Ring Puffs 3X Spicy Combo,120,90,6
Pringles Original Potato Chips +  Original Potato Chips (40 g) Combo,180,158,6
DOKi Amritsari Achari Pork Puffs,150,150,6
Crax Curls Chatpata Masala Puffs +  Corn Rings Masala Mania Puffs Combo,85,61,6
Sweet Karam Coffee Madras Mixture Namkeen, - No Palm Oil +  Nendran Banana Chips Combo,168,158,6
Yellow Diamond Garlic & Herb Puffs,50,40,6
Too Yumm American Style Cream & Onion Potato Chips +  Indian Masala Chips Combo,140,95,6
BRB Peri Peri Rice Popped Chips + BRB Pudina Punch Rice Popped Chips + BRB Classic Salted Rice Popped Chips Combo,120,111,6
Sweet Karam Coffee Onion Kodubale/ Chakli, - No Palm Oil +  Nendran Banana Chips Combo,168,158,6
Piknik Red Hot Puffs - Pack of 4,240,120,6
Sweet Karam Coffee Onion Kodubale/ Chakli, - No Palm Oil +  Kerala Tapioca Chips - Indian Masala Combo,168,158,6
Sweet Karam Coffee Nendran Banana Chips +  Ribbon Pakoda / Murukku Namkeen, - No Palm Oil Combo,168,158,6
To Be Honest Purple Sweet Potato Chips with Pani Puri Masala,110,99,6
Sweet Karam Coffee Tapioca Chips - No Palm Oil +  Kerala Tapioca Chips - Indian Masala Combo,138,131,6
Pringles Original Potato Chips +  Tangy Tomato Twist Potato Chips Combo,240,204,6
Nutty Yogi Ragi Snacks Crisps,258,246,7
Too Yumm Smoking Hot Bhoot Potato Chips (Bhut Jolokia Chillies) +  Smoking Hot Bhoot Potato Wafers Combo,120,96,7
Peppy Tomato Discs Crisps - Pack of 3,180,108,7
Natkhat Classic Wheat Puffs + Crax Curls Chatpata Masala Puffs Combo,120,77,7
Yellow Diamond Peanut Butter Puffs,50,40,7
Sweet Karam Coffee Nendran Banana Chips +  Kerala Tapioca Chips - Indian Masala Combo,138,131,7
Orion Choco Pie +  K Snack Kimchi Onion Rings Combo,230,173,7
Too Yumm Smoking Hot Bhoot Potato Wafers +  Smoking Hot Bhoot Karare Crisps +  Smoking Hot Bhoot Potato Chips (Bhut Jolokia Chillies) Combo,140,116,7
Sweet Karam Coffee Nendran Banana Chips +  Tapioca Chips - No Palm Oil Combo,138,131,7
Wingreens Farms Butter Garlic Naan Chips (Pouch) + Wingreens Farms Garlic Dip Combo,240,216,7
Crax Curls Chatpata Masala Puffs +  Biggies Swiss Cheese Puffs Combo,120,77,7
Lay's Classic Salted Potato Chips + Wingreens Farms Garlic Dip Combo,220,200,7
Natkhat Classic Wheat Puffs +  Masala Wheat Puffs Combo,120,77,7
Lay's Wafer Style - Salt with Pepper Potato Chips + Wingreens Farms Garlic Dip Combo,220,200,7
Kellogg's Crunchy Granola Chocolate & Almonds Cereal + Pringles Pizza Flavoured Potato Chips Combo,518,440,7
Crax Corn Rings Masala Mania Puffs x 2 +  Cheese Balls Puffs Combo,110,84,7
Pringles Sour Cream & Onion Potato Chips + Pizza Flavoured Potato Chips + Original Potato Chips Combo,430,357,7
Sweet Karam Coffee Kerala Tapioca Chips - Indian Masala +  Ribbon Pakoda / Murukku Namkeen, - No Palm Oil Combo,168,158,7
Lay's American Style Cream & Onion Potato Chips + Wingreens Farms Peri Peri Hummus Dip Combo,220,200,7
Too Yumm Kashmiri Chilli Potato Chips +  American Style Cream & Onion Potato Chips +  Indian Masala Chips Combo,190,133,7
Crax Cheese Balls Puffs + Natkhat Masala Wheat Puffs Combo,120,77,8
Beyond Snack Banana Chips (Rock Salt) +  Kerala Sour Cream, Onion & Parsley Banana Chips Combo,135,122,8
Crax Natkhat Chatpata Imli Wheat Puffs + Natkhat Classic Wheat Puffs Combo,120,68,8
Wingreens Farms Naan Chips - With Free Dips,120,120,8
Too Yumm Kashmiri Chilli Potato Chips +  Smoking Hot Bhoot Potato Chips (Bhut Jolokia Chillies) Combo,110,92,8
Beyond Snack Banana Chips (Rock Salt) +  Kerala Peri Peri Banana Chips Combo,135,122,8
Crax Biggies Swiss Cheese Puffs +  Corn Rings Masala Mania Puffs Combo,85,61,8
Crax Natkhat Chatpata Imli Wheat Puffs + Natkhat Classic Wheat Puffs + Natkhat Masala Wheat Puffs Combo,180,107,8
Orion Choco Pie +  K Snack Ring Puffs 3X Spicy Combo,230,173,8
Lay's Sizzling Hot Potato Chips + Wingreens Farms Original Olive Hummus Dip Combo,220,200,8
Crax Corn Rings Masala Mania Puffs + Crax Curls Chatpata Masala Puffs + Natkhat Classic Wheat Puffs Combo,145,100,8
Lay's India's Magic Masala Potato Chips (40 g) + Saucery Hummus Dip Combo,220,200,8
Pringles Sour Cream & Onion Potato Chips +  South African Peri Peri Chips +  Original Potato Chips Combo,430,357,8
Too Yumm Kashmiri Chilli Potato Chips +  Smoking Hot Bhoot Potato Chips (Bhut Jolokia Chillies) +  Spicy Chilli Wafers Potato Chips Combo,160,134,8
Sweet Karam Coffee Nendran Banana Chips + Jaggery Coconut Burfi by Combo,268,233,8
Crax Biggies Swiss Cheese Puffs +  Crunchy Pipes Puffs Combo,120,77,8
Too Yumm Smoking Hot Bhoot Potato Wafers +  Smoking Hot Bhoot Karare Crisps Combo,80,68,8
Too Yumm Smoking Hot Bhoot Potato Chips (Bhut Jolokia Chillies) +  K-Bomb Ramen Instant Noodles - Tom Yum Combo,110,89,8
Too Yumm Smoking Hot Bhoot Potato Chips (Bhut Jolokia Chillies) +  American Style Cream & Onion Potato Chips +  Indian Masala Chips Combo,200,144,8
Peppy, Piknik & Senor Pepito Mix Variety Pack Crisps - Pack of 5,300,214,8
Pringles Sour Cream & Onion Potato Chips + Desi Masala Tadka Potato Chips + Original Potato Chips Combo,430,357,9
Too Yumm Smoking Hot Bhoot Potato Chips (Bhut Jolokia Chillies) +  K-Bomb Hot n Spicy Instant Noodles Combo,110,88,9
Crax Biggies Swiss Cheese Puffs + Natkhat Classic Wheat Puffs Combo,120,77,9
Sweet Karam Coffee Nendran Banana Chips + Filter Coffee Burfi by Combo,268,233,9
Crax Natkhat Chatpata Imli Wheat Puffs +  Biggies Swiss Cheese Puffs Combo,120,68,9
Lay's Classic Salted Flavor Potato Chips + Wingreens Farms Peri Peri Hummus Dip Combo,250,200,9
Crax Curls Chatpata Masala Puffs +  Crunchy Pipes Puffs +  Biggies Swiss Cheese Puffs Combo,180,116,9
Too Yumm Smoking Hot Bhoot Potato Chips (Bhut Jolokia Chillies) +  K-Bomb Mi Goreng Instant Noodles Combo,110,89,9
Crax Natkhat Chatpata Imli Wheat Puffs +  Crunchy Pipes Puffs +  Biggies Swiss Cheese Puffs Combo,180,107,9
Crax Natkhat Chatpata Imli Wheat Puffs +  Crunchy Pipes Puffs Combo,120,68,9
Crax Corn Rings Masala Mania Puffs + Crax Biggies Swiss Cheese Puffs + Natkhat Classic Wheat Puffs Combo,145,100,9
Kab's Jackpot Cheese Balls,65,65,9
Lo! Foods Baked Coated Peanuts (Masala Roasted Healthy Snacks),75,69,9
Cheetos Flamin hot Crunchy Puffs,170,161,9
Nongshim Shrimp Flavoured Hot & Spicy Crackers Chips,129,129,9
Kettle Studio Sweet Chilli With Lime & Basil Potato Chips,99,99,9
Cheetos Cheese Flavoured Puffs,170,161,9
Kettle Studio Rock Sea Salt & English Vinegar Potato Chips,99,99,9
Lo! Foods Baked Bikaneri Bhujia Sev (Guilt Free Healthy Snacks Namkeen),99,99,9
Kettle Studio Mature Cheddar & Red Onions Potato Chips,49,47,9
Nongshim Shrimp Flavoured Crackers Chips,129,129,10
Lo! Foods Keto Murukku Chakli - Healthy Snacks Diet Namkeen,159,150,10
Kettle Studio Crushed Peprika with Exotic Spices Potato Chips,99,99,10
Kab's Jackpot Fiery and Crunchy Crisps,65,65,10
Protein Chef Madras Namkeen Mixture High Protein Healthy Snacks,99,99,10
Kettle Studio Himalayan Pink Salt Potato Chips,49,47,10
Kettle Studio Potato Chips - Himalyan Pink Salt,99,99,10
DOKi Tokyo Teriyaki Chicken Jerky,199,199,10
Kettle Studio Lime & Chilli Wafers,80,80,10
Kettle Studio Tabasco Sauce Flavour Potato Chips,99,99,10
Farmley Makhana Munchies Crisps - Andhra Masala,30,29,10
DOKi Korean Gochujang Buffalo Jerky,199,199,10
Cornitos Nachos Crisps & Dip Combo,70,68,10
Kettle Studio Homestyle Potato Crisps - Lime & Chilli,99,99,10
Jacker Hot & Spicy Potato Chips,200,179,10
DOKi Tokyo Teriyaki Buffalo Jerky,199,199,10
Britannia 5050 Potazos Masti Masala Spicy Flavoured Crisps,30,28,10
DOKi Kerala Fry Buffalo Jerky,199,199,10
Kettle Studio Lime & Chilli Banana Chips,99,99,10
Cheetos Flamin' Hot Twisted Corn Puffs,180,171,10
Dobra Tapioca Chips - Tangy Tomato,60,60,11
Kettle Studio Lightly Salted Wafers,80,80,11
Nongshim Onion Ring Puffs,129,129,11
Wingreens Farms Garlic Dip + Uncle Chipps Spicy Treat Flavour Potato Chips Combo,220,209,11
The khao project Classic Hummus & Baked Pita Chips,85,80,11
Open Secret Chilli Pizza Baked Chips (High Protein),35,34,11
Open Secret Tandoori Baked Chips (High Protein),35,34,11
Jacker Cheese Potato Crisps,125,89,11
Jacker Hot & Spicy Potato Crisps,125,89,11
RiteBite Max Protein Cheese & Jalapeno Chips,45,43,11
Cheetos Crunchy Cheese Flavoured Crisps,799,799,11
The khao project Roasted Red Pepper Hummus & Baked Pita Chips,85,80,11
Wingreens Farms Chilli Cheese Dip + Lay's Wafer Style - Salt with Pepper Potato Chips Combo,270,243,11
Cheetos Cheddar Jalapeno Crunchy Crisps,739,739,11
Sweet Karam Coffee Madras Mixture Namkeen - No Palm Oil,99,93,11
The Baker's Dozen 100% Wholewheat Chilli Garlic Bread Sticks,129,129,11
Sweet Karam Coffee Onion Kodubale/ Chakli, - No Palm Oil,99,93,11
Sweet Karam Coffee Ribbon Pakoda / Murukku Namkeen, - No Palm Oil,99,93,11
To Be Honest Crispy Beetroot with Himalayan Rock Salt Chips,140,126,11
Kellogg's Chocos Crunchy Bites Kids Cereal + Pringles Sour Cream & Onion Potato Chips (40 g) Combo,275,204,11
The Baker's Dozen 100% Wholewheat Lavash,129,129,12
Kellogg's Real Almond Honey Corn Flakes + Pringles Original Potato Chips (40 g) Combo,159,143,12
The Baker's Dozen Ragi Crackers,129,129,12
Kellogg's Real Almond Honey Corn Flakes + Pringles Sour Cream & Onion Potato Chips Combo,219,197,12
Kellogg's Real Almond Honey Corn Flakes + Pringles Sour Cream & Onion Potato Chips (40 g) Combo,159,143,12
Kellogg's Crunchy Granola Chocolate & Almonds Cereal + Pringles Desi Masala Tadka Potato Chips Combo,518,440,12
Kellogg's Crunchy Granola Chocolate & Almonds Cereal + Pringles South African Peri Peri Chips Combo,518,440,12
Kellogg's Crunchy Granola Chocolate & Almonds Cereal + Pringles Sour Cream & Onion Potato Chips Combo,518,440,12
Kellogg's Crunchy Granola Chocolate & Almonds Cereal + Pringles Original Potato Chips Combo,518,440,12
Too Yumm Smoking Hot Bhoot Potato Wafers +  Smoking Hot Bhoot Karare Crisps +  K-Bomb Hot n Spicy Instant Noodles Combo,130,107,12
Too Yumm Smoking Hot Bhoot Potato Wafers +  Smoking Hot Bhoot Potato Chips (Bhut Jolokia Chillies) +  K-Bomb Hot n Spicy Instant Noodles Combo,170,136,12
Lay's West Indies Hot n Sweet Chilli Flavour Potato Chips,20,20,12
Lay's Chile Limon Flavour Potato Chips,20,20,12
Cheetos Masala Balls Crisps - Pack of 2,100,75,12
Snackible Salted Banana Chips,60,57,12
Beyond Snack Kerala Original Style Banana Chips - Pack of 2,120,108,12
Let's Try Potato Wafers / Aloo Chips,60,44,12
Lay's West Indies Hot 'n' Sweet Chilli Potato Chips,50,45,12
Uncle Chipps Spicy Treat Potato Chips - Pack of 2,100,75,12
Piknik Classic Tomato Chilli Soya Sticks,60,45,12
Peppy Cheese Balls,60,45,13
Lay's Wafer Potato Chips (Salt & Pepper),50,40,13
Bingo Hot & Spicy Korean Style Potato Chips,50,45,13
Bingo Hashtags Spicy Masala Potato Chips - Pack of 2,60,40,13
Kurkure Playz Puffcorn Yummy Cheese Puffs - Pack of 2,100,75,13
Crax Masala Punch Potato Chips - Pack of 3,150,98,13
Beyond Snack Desi Masala Kerala Banana Chips - Pack of 2,120,102,13
4700BC Cheese & Herbs Corn Popped Chips +,50,47,13
Bingo Original Style Chilli Sprinkled Potato Chips - Pack of 3,150,100,13
Unibic Kerala Banana Chips Classic Salted,99,90,13
Too Yumm Baked Potato Stix Aloo Chaat Crisps,60,45,13
Beyond Snack Salt & Black Pepper Kerala Banana Chips - Pack of 2,190,162,13
Bingo Hashtags Cream and Onion Potato Chips - Pack of 2,60,40,13
Bingo Original Style Chilli Potato Chips - Pack of 4,80,72,13
Lay's Wafer Style - Sundried Chilli Potato Chips - Pack of 3,60,54,13
Lay's Crispz Herb & Onion Potato Chips,20,20,13
Lay's India's Magic Masala Potato Chips (90 g) - Pack of 2,100,80,13
Too Yumm Spicy & Icy Bhut Jolokia Chillies Potato Chips,70,56,13
Crax Fritts Peri Peri Corn & Potato Sticks,60,30,13
Crax Biggies Swiss Cheese Puffs +  Masala Punch Potato Chips +  Crunchy Pipes Puffs Combo,170,110,13
Crax Pasta Crunch Chinese Tadka Puffs - Pack of 3,75,63,14
Lay's American Style Cream & Onion Flavour Potato Chips - Pack of 2,100,80,14
Lay's Korean Chilli Potato Chips,50,43,14
Chheda's Golden Aloo Chips (Rock Salt),90,71,14
Lay's Mexican Salsa Potato Chips,50,43,14
Bingo Original Hot & Spicy Korean Style Potato Chips,50,45,14
Let's Try Lite Snacks Chips,60,42,14
Beyond Snack Sour Cream, Onion & Parsley Kerala Banana Chips - Pack of 2,190,171,14
Lay's India's Magic Masala Potato Chips + American Style Cream & Onion Flavour Potato Chips + Spanish Tomato Tango Flavor Potato Chips Combo,150,120,14
Orion Turtle Spicy Devil Corn Chips,100,97,14
Orion Turtle Masala Corn Chips,100,97,14
Taali Masala Mania Protein Puffs,59,54,14
Troovy Healthy High Protein Mix Veggie Chips,70,68,14
Unibic Kerala Banana Chips - Fiery Red Hot,99,90,14
Beyond Snack Kerala Original Style Banana Chips + Beyond Snack Kerala Peri Peri Banana Chips Combo,120,108,14
BRB Potato Popped Chips (Bhel Flavour),40,39,14
Troovy Healthy High Protein Ragi Chips,70,68,14
Saffola Crunchiez Ragi (Munchiez) Chips (Takatak Tomato),60,40,14
Gulab Aloo Chips,100,72,14
Troovy Healthy High Protein Moong Dal Chips,70,68,14
Gulab Aloo Chips,100,72,15
Troovy Healthy High Protein Moong Dal Chips,70,68,15
Cornitos Crusties Sour Cream & Onion Puffs,60,45,15
Orion Turtle Tangy Tomato Corn Chips,100,97,15
Too Yumm Puffs Savage Masala,60,42,15
Banner & Co Garlic Overload Popped Chips,70,49,15
Beyond Snack Kerala Original Style Banana Chips + Peri Peri Banana Chips + Sour Cream, Onion & Parsley Banana Chips Combo,180,162,15
Bingo Hashtags Hot & Spicy Korean Style Chips + Bingo Hashtags Spicy Masala Potato Chips Combo,60,50,15
To Be Honest Mixed Sweet Potato with Rock Salt & Pepper Chips,110,99,15
Banner & Co Sour Cream & Onion Popped Chips,70,49,15
Banner & Co Sweet Sriracha Popped Chips,70,49,15
Unibic Pop Crisp Masala Twist Lentil & Pea Popped Chips,99,60,15
Beyond Snack Kerala Original Style Banana Chips +  Hot and Sweet Chilli Kerala Banana Chips Combo,120,108,15
Banner & Co Lemon & Pepper Popped Chips,70,49,15
Piknik Classic Tomato Chilli Soya Sticks - Pack of 3,180,108,15
Beyond Snack Kerala Original Style Banana Chips +  Desi Masala Kerala Banana Chips Combo,120,108,15
Orion Turtle Spicy Devil Corn Chips + Orion Turtle Mexican Lime Corn Chips Combo,200,190,15
Beyond Snack Kerala Original Style Banana Chips + Beyond Snack Kerala Sour Cream, Onion & Parsley Banana Chips Combo,120,108,15
Lay's India's Magic Masala Potato Chips (143 g) - Pack of 3,234,176,15
Jolochip Hottest Chocolate Jolo Chips,299,299,15
Bingo Original Style Chilli Sprinkled Potato Chips +  Original Hot & Spicy Korean Style Potato Chips Combo,100,80,16
Orion Turtle Spicy Devil Corn Chips + Orion Turtle Masala Corn Chips Combo,200,190,16
Saucery Hummus Dip + Lay's Chile Limon Flavour Potato Chips Combo,220,200,16
Lay's American Style Cream & Onion Flavour Potato Chips + Saucery Roasted Garlic & Spring Onion Dip Combo,250,200,16
Bingo Original Hot & Spicy Korean Style Potato Chips +  Hashtags Hot & Spicy Korean Style Chips +  Hot & Spicy Korean Style Potato Chips Combo,130,110,16
Beyond Snack Salt & Black Pepper Kerala Banana Chips +  Kerala Original Style Banana Chips Combo,155,140,16
Too Yumm Spicy & Icy Bhoot Potato Chips +  Smoking Hot Bhoot Potato Chips (Bhut Jolokia Chillies) Combo,130,104,16
Too Yumm Spicy & Icy Bhoot Potato Chips +  Smoking Hot Bhoot Karare Crisps Combo,90,72,16
Lay's American Style Cream & Onion Potato Chips (143 g) - Pack of 2,156,125,16
Snackible Vacuum Fried Banana Chips,65,65,16
BRB Popped Potato Chips (Spicy Chipotle Flavour) + BRB Popped Potato Chips (Pasta Cheese Flavour) + BRB Popped Potato Chips (Bhel Flavour) + BRB Popped Potato Chips (Salt & Pepper Flavour) Combo,160,148,16
Orion K Snack Kimchi Onion Rings x 2 +  K Snack Ring Puffs 3X Spicy x 2 Combo,240,144,16
Beyond Snack Salt & Black Pepper Kerala Banana Chips +  Kerala Peri Peri Banana Chips Combo,155,140,16
Lay's India's Magic Masala Potato Chips + Wingreens Farms Original Olive Hummus Dip Combo,250,200,16
Crax Masala Punch Potato Chips +  Corn Rings Masala Mania Puffs +  Biggies Swiss Cheese Puffs Combo,135,94,16
Lay's Wafer Style - Sundried Chilli Potato Chips + Saucery Roasted Garlic & Spring Onion Dip Combo,220,200,16
Too Yumm Baked Potato Stix Crisps +  Baked Tomato Twist Rings Crisps Combo,120,84,16
Cornitos Crusties Sour Cream & Onion Puffs - Pack of 2,120,86,16
Orion Turtle Spicy Devil Corn Chips + Orion Turtle Tangy Tomato Corn Chips Combo,200,190,16
Too Yumm Puffs Savage Masala +  XoXo Chips Bold Tomato +  Baked Tomato Thunder Rings Crisps Combo,180,121,16
Too Yumm Puffs Savage Masala +  XoXo Chips Bold Tomato +  Baked Tomato Thunder Rings Crisps Combo,180,121,17
Too Yumm Puffs Savage Masala +  XoXo Chips Bold Tomato Combo,120,82,17
Orion Turtle Sour Cream & Onion Corn Chips,100,97,17
Too Yumm Spicy & Icy Bhoot Potato Chips +  Smoking Hot Bhoot Potato Wafers +  Smoking Hot Bhoot Karare Crisps Combo,150,124,17
Too Yumm Baked Potato Stix Crisps +  Baked Tomato Twist Rings Crisps +  Smoking Hot Bhoot Potato Chips (Bhut Jolokia Chillies) Combo,180,137,17
Crax Masala Punch Potato Chips x 2 +  Pasta Crunch Chinese Tadka Puffs Combo,125,88,17
Nourish Organics Popeas Assorted Chickpea Protein Puffs Snack,340,340,17
Too Yumm Spicy & Icy Bhoot Potato Chips +  Kashmiri Chilli Potato Chips Combo,120,96,17
Orion K Snack Ring Puffs 3X Spicy x 3 +  K Snack Kimchi Onion Rings x 3 Combo,360,198,17
Too Yumm Puffs Savage Masala +  XoXo Chips Bold Tomato +  Baked Potato Stix Aloo Chaat Crisps Combo,180,121,17
Too Yumm Spicy & Icy Bhoot Potato Chips +  Smoking Hot Bhoot Potato Wafers Combo,130,104,17
To Be Honest Purple Sweet Potato Chips with Pani Puri Masala - Pack of 2,220,196,17
Cornitos Crusties Sour Cream & Onion Puffs - Pack of 3,180,126,17
Too Yumm Spicy & Icy Bhoot Potato Chips +  K-Bomb Hot n Spicy Instant Noodles Combo,120,94,17
Beyond Snack Sriracha Delight Banana Chips,50,43,17
Too Yumm Spicy & Icy Bhoot Potato Chips +  Smoking Hot Bhoot Potato Wafers +  Smoking Hot Bhoot Potato Chips (Bhut Jolokia Chillies) Combo,190,156,17
To Be Honest Herbed Taro with Oregano & Basil Chips - Pack of 2,298,262,17
Orion Turtle Spicy Devil Corn Chips + Orion Turtle Sour Cream & Onion Corn Chips Combo,200,160,17
Beyond Snack Banana Waves Cheesy Jalapeno Banana Chips,50,43,17
Too Yumm Classic Salted Wafers Potato Chips,50,45,17
Kellogg's Double Chocolaty Fills Chocos (Crunchy Outside, Creamy Inside) + Pringles Fusion Chutney Flavour Potato Chips Combo,320,256,18
Too Yumm Kashmiri Chilli Potato Chips +  Classic Salted Wafers Potato Chips +  Spicy Chilli Wafers Potato Chips Combo,150,120,18
Kellogg's Crunchy Granola Chocolate & Almonds Cereal + Pringles Fusion Chutney Flavour Potato Chips Combo,513,436,18
Too Yumm Classic Salted Wafers Potato Chips +  Spicy Chilli Wafers Potato Chips Combo,100,85,18
Kettle Studio Sharp Jalapenos & Cream Cheese Potato Chips,49,47,18
Dobra Thin & Crsipy Tapioca Chips,70,70,18
Jolochip Last Chip Challenge Chips,249,249,18
Farmley Makhana Munchies Crisps - Amritsari Achari,30,29,18
Jacker Barbeque Potato Crisps,125,89,18
The khao project Parsley Jalapeno Hummus & Baked Pita Chips,100,87,18
RiteBite Max Protein Peri Peri Chips,45,43,18
Wingreens Farms Dill Tzatziki Dip + Lay's West Indies Hot n Sweet Chilli Flavour Potato Chips Combo,220,200,18
RiteBite Max Protein Spanish Tomato Chips,45,43,18
RiteBite Max Protein Cream & Onion Chips,45,43,18
Cheetos White Cheddar Cheese Puffs,260,245,18
Saucery Roasted Garlic And Chilli Dip + Lay's India's Magic Masala Potato Chips (90 g) Combo,250,230,18
Kellogg's Chocos Chocos Multigrain Variety Pack + Pringles Sour Cream & Onion Potato Chips (40 g) Combo,130,117,18
To Be Honest Ripe Jackfruit Chips with Chilli Mango,120,108,18
Kellogg's Chocolate Muesli + Pringles Original Potato Chips Combo,490,397,18
Too Yumm Spicy & Icy Bhoot Potato Chips +  K-Bomb Ramen Instant Noodles - Tom Yum Combo,120,94,18
Too Yumm Spicy & Icy Bhoot Potato Chips +  Smoking Hot Bhoot Karare Crisps +  K-Bomb Hot n Spicy Instant Noodles Combo,140,113,19
Too Yumm Spicy & Icy Bhoot Potato Chips +  Smoking Hot Bhoot Potato Chips (Bhut Jolokia Chillies) +  K-Bomb Hot n Spicy Instant Noodles Combo,180,145,19
Too Yumm Spicy & Icy Bhoot Potato Chips +  K-Bomb Mi Goreng Instant Noodles Combo,120,94,19
Too Yumm Spicy & Icy Bhoot Potato Chips +  Smoking Hot Bhoot Potato Wafers +  K-Bomb Hot n Spicy Instant Noodles Combo,180,144,19Name,Price,MRP,Page Number
Kwality Flakes and Cereal Combo Pack,60,48,1
Tata Soulfull Ragi Bites Choco Fills, No Maida, Breakfast Cereal,349,287,1
Kellogg's Special K Original Cereal with Whole Wheat,515,460,1
Yoga Bar No Maida Choco Cereal,260,214,1
Kwality Almond & Honey Corn Flakes,699,285,1
Tata Soulfull Ragi Bites Choco 7 Grains Kids Breakfast Cereal (No Maida),219,169,1
Kwality Choco Fills Cereal,230,139,1
Kwality Fruitrings Cereal,275,164,1
Kellogg's Real Almond Honey Corn Flakes,450,450,1
Kwality Cookies Rings Cereal,299,204,1
Kellogg's Chocos Crunchy Bites Kids Cereal + Pringles Sour Cream & Onion Potato Chips (40 g) Combo,275,204,1
Kellogg's Original Cereals Corn Flakes + Kellogg's Real Almond Honey Corn Flakes Combo,304,261,1
Kellogg's Real Almond Honey Corn Flakes + Pringles Original Potato Chips (40 g) Combo,159,143,1
Kellogg's Original Cereals Corn Flakes + Kellogg's Original Cereals Corn Flakes Combo,650,565,1
True Elements Quinoa +  Steel Cut Oats (100% Wholegrain) Combo,550,316,1
Nestle Koko Krunch Cereal,200,200,1
Kellogg's Real Almond Honey Corn Flakes + Pringles Sour Cream & Onion Potato Chips Combo,219,197,1
Kellogg's Real Almond Honey Corn Flakes + Pringles Sour Cream & Onion Potato Chips (40 g) Combo,159,143,1
Kellogg’s Muesli Fruit Nut & Seeds 12-in-1 Multigrain Cereal+ Kellogg's Real Almond Honey Corn Flakes Combo,619,489,1
Kellogg's Chocos Fills Double Chocolaty Snack Cereal + Pringles Pizza Flavoured Potato Chips Combo,325,260,1
Kellogg's Chocos Fills Double Chocolaty Snack Cereal + Pringles Sour Cream & Onion Potato Chips Combo,325,260,2
Kellogg's Chocos Fills Double Chocolaty Snack Cereal + Pringles South African Peri Peri Chips Combo,325,260,2
Kellogg's Chocos Fills Double Chocolaty Snack Cereal + Pringles Desi Masala Tadka Potato Chips Combo,325,260,2
Kellogg's Chocos Fills Double Chocolaty Snack Cereal + Pringles Original Potato Chips Combo,325,260,2
Kellogg's Real Almond Honey Corn Flakes + Pringles Original Potato Chips Combo,219,197,2
Kellogg's Real Almond Honey Corn Flakes,580,354,2
Tata Soulfull Crunchy Corn Flakes with Millet Shakti,210,179,2
Kellogg's Hershey's Chocos, Breakfast Cereal for Kids,245,245,2
Kellogg's Multigrain Chocos Variety Pack,70,64,2
Kellogg's Real Strawberry Puree Corn Flakes,185,185,2
Hide & Seek Fills Cereal,140,94,2
Kellogg's Chocos Cereal + Kellogg's Real Almond Honey Corn Flakes Combo,169,149,2
Nestle Munch Crunchilicious Kids Cereal,80,80,2
Kellogg's Chocos Chocos Multigrain Variety Pack + Pringles Sour Cream & Onion Potato Chips (40 g) Combo,130,117,2
Nourish Organics Cocoa Crunch Granola,450,450,2
Organic Tattva Organic Quinoa,290,234,2
Kellogg's Double Chocolaty Fills Chocos (Crunchy Outside, Creamy Inside) + Pringles Fusion Chutney Flavour Potato Chips Combo,320,256,2Name,Price,MRP,Page Number
Amul 55% Cocoa Dark Chocolate Bar - Pack of 2,400,396,1
Beanly Choco Hazelnut Spread with Breadsticks,150,120,1
Snickers Peanut Filled Bar 45 g - Pack of 2,100,90,1
Choki Choki Chocomilk Milk Chocolate Sticks,120,111,1
Cadbury 5 Star Oreo Chocolate Filled Bar,45,43,1
Cadbury Dairy Milk Silk Mousse Chocolate Bar,100,100,1
Cadbury Dairy Milk Roast Almond Chocolate Bar,50,50,1
Cadbury Temptations Rum & Raisins Premium Chocolate Bar,130,117,1
Kinder Creamy Milky & Crunchy,30,28,1
Cadbury Dairy Milk Chocolate Bar x 2 + Cadbury Dairy Milk Silk Chocolate Bar x 2 + Cadbury Bournville Rich Cocoa 50% Dark Chocolate Bar x 2 + Cadbury Oreo Vanilla Flavour Sandwich Cream Biscuits + Cadbury Gems Duo Pack Shaped Chocolates Combo,640,594,1
Cadbury Dairy Milk Chocolate Bar x 2 + Cadbury Bournville Rich Cocoa 50% Dark Chocolate Bar x 2 + Cadbury Oreo Vanilla Flavour Sandwich Cream Biscuits x 2 + Cadbury Cocoa Powder Mix + Cadbury Dairy Milk Silk Chocolate Bar Combo,995,879,1
Cadbury Dairy Milk Silk Hazelnut Chocolate Bar,210,200,1
Cadbury Dairy Milk Silk Ganache Chocolate Bar,220,209,1
Cadbury Perk Plus Coated Wafer Chocolate Bar,20,19,1
Choki Choki Choco Filled Wafer Roll,30,27,1
Cadbury Dairy Milk Silk Fruit & Nut Chocolate Bar,100,100,1
Hershey's Cookies n Creme Chocolate Bar,65,62,1
Nestle KitKat Chunky Wafer Chocolate,70,60,1
Galaxy Fusions Dark Chocolate Bar with 70% Cocoa,110,102,1
Hershey's Cookies n Creme Chocolate Bar 100 g,150,143,1
Cadbury Bournville Rum & Raisin Dark Chocolate Bar,120,108,2
Sugar Free D'Lite Dark Chocolate Bar (Hazelnut & Roasted Almonds),99,87,2
Cadbury Gems Surprise Shaped Chocolates Ball,50,50,2
Karachi Bakery Dubai Kunefe/Kunafa Chocolate Bar,500,450,2
Cadbury Fuse Peanut & Caramel Chocolate Filled Bar,45,43,2
Nestle Kitkat Double Chocolate Coated Wafer,110,110,2
Sugar Free D'Lite Rich Cocoa Dark Chocolate Bar (Naturally Sweetened),99,87,2
Cadbury Temptations Almond Treat Premium Chocolate Bar,130,117,2
Mars Nougat and Caramel Filled Bar,70,68,2
Nestle KitKat Dark Coated Wafer Chocolate,220,220,2
Cadbury Dairy Milk Chocolate Bar x 2 + Cadbury Dairy Milk Silk Chocolate Bar Valentine's Gift Pack + Cadbury Bournville Rich Cocoa 50% Dark Chocolate Bar + Cadbury Oreo Pokémon Original Vanilla Flavour Sandwich Cream Biscuits + Cadbury Gems Duo Pack Shaped Chocolates Combo,410,383,2
Cadbury Dairy Milk Chocolate Bar x 2 + Cadbury Dairy Milk Silk Chocolate Bar + Cadbury Oreo Vanilla Flavour Sandwich Cream Biscuits + Cadbury Gems Duo Pack Shaped Chocolates Combo,290,277,2
Nestle KitKat Caramel Coated Wafer Chocolate,90,90,2
Hershey's Dark 'N' Rich Coffee Dark Chocolate Bar,155,148,2
Snickers Peanut Filled Bar 45 g - Pack of 3,150,132,2
Amul Fruit & Nut Chocolate Bar,200,200,2
M&M's Milk Chocolate Pack,100,100,2
Cadbury Dairy Milk Chocolate Shots,116,116,2
Bounty Coconut Filled Bar,80,76,2
Hershey's Creamy Milk Chocolate Bar,140,133,2
Amul Almondo Chocolate Almond,230,230,3
Galaxy Fruit & Nut Milk Chocolate with Almonds & Raisins,99,90,3
Amul Best Wishes Dark Chocolate Bar,200,200,3
Snickers Filled Bar (Berry Whip Flavour),70,62,3
Hershey's Whole Almonds Chocolate Bar,65,62,3
Amul Tropical Orange Dark Chocolate Bar,200,200,3
The Whole Truth 71% Dark Chocolate Bar,349,349,3
Amul Smooth & Creamy Milk Chocolate Bar,200,200,3
Amul Hazelnut Dark Chocolate Bar,250,250,3
Snickers Butterscotch Filled Bar,70,69,3
Amul Happy Birthday Milk Chocolate Bar,200,200,3
Lindt Excellence 85% Cocoa Dark Chocolate Bar,450,450,3
Lindt Excellence Intense Orange Dark Chocolate Bar,450,450,3
Lindt Excellence 70% Cocoa Dark Chocolate,450,450,3
Lindt Excellence 90% Cocoa Supreme Dark Chocolate Bar,450,450,3
The Whole Truth Hazelnut Dark Chocolate Bar,375,375,3
The Whole Truth Almond Raisin Dark Chocolate Bar (Cocoa 47%, Dates 38%, Almonds & Raisins 15%),349,349,3
Lindt Swiss Classic Milk Chocolate Bar,400,400,3
Amul Mystic Mocha Milk Chocolate Bar,200,200,3
Lindt Excellence Caramel Sea Salt Dark Chocolate Bar,450,450,3
The Whole Truth Orange Dark Chocolate Bar (Cocoa 71%, Dates 29% & Dash of Orange Oil),349,349,4
The Whole Truth Sea Salt Dark Chocolate Bar,349,349,4
Lindt Excellence A Touch Of Sea Salt Dark Chocolate Bar,450,450,4
Dukes Waffy Dark Vanilla Flavoured Wafer Roll,300,163,4
Dukes Waffy Hazelnut Flavoured Wafer Roll,300,165,4
Loyka Almond Caramel Gourmet Dates (Khajur),220,203,4
Choko La 54% Sugar Free Dark Chocolate,675,608,4
Loyka Almond Brittle Gourmet Dates (Khajur),220,203,4
Snickers Peanut Filled Bar 45 g + Bounty Coconut Filled Bar Combo,130,117,4
Choko La 75% Signature Noir Dark Chocolate,470,423,4
Choko La 55% Dark Chocolate,795,756,4
Didier & Frank Wicked 85% Dark Chocolate - Pack of 2,798,591,4
Choko La Almond Marbles Dark Chocolate,515,438,4
Didier & Frank 99% Ultimate Dark Chocolate Bar + Didier & Frank Wicked 85% Dark Chocolate Combo,898,638,4
Toblerone Milk Chocolate Bar,299,209,4
Cadbury Nutties Shaped Chocolates,50,50,4
Nestle KitKat Minis Coated Wafer Chocolate Pack,149,149,4
Cadbury Dairy Milk Minis Home Treats Milk Chocolate Pack - Pack of 2,240,192,4
Toblerone Dark Chocolate Bar,299,209,4
Tiffany Crunch n Cream Wafer Bar - Chocolate,100,98,4
Didier & Frank Sweet Dark - 50% Dark Chocolate Bar,175,99,5
Toblerone Crunchy Almonds Chocolate Bar,299,209,5
Tiffany Crunch n Cream Wafer Bar - Orange,100,98,5
Toblerone Fruit & Nut Chocolate,299,209,5
Cadbury Gems Chocolate Pack Home Treats Pack,100,90,5
Didier & Frank 99% Ultimate Dark Chocolate Bar,499,347,5
Britannia Treat Croissant with Vanilla Creme Filling,20,18,5
Didier & Frank Wicked 85% Dark Chocolate,399,299,5
Didier & Frank Crunchy Hazelnut Dark Chocolate Bar,399,299,5
Loacker Quadratini Espresso Wafer Biscuit,249,149,5
Didier & Frank Sweet Dark 50% Dark Chocolate Bar,349,199,5
Ritter Sport Milk Chocolate With Whole Hazelnuts,400,380,5
Godiva 72% Cacao Dark Chocolate Bar,699,559,5
Godiva Milk Chocolate Bar,699,599,5
Nutella Ferrero B-Ready Bar,350,312,5
Ritter Sport Colorful Mix Chocolate Pack - Almond, Cornflakes & Alpine Milk,400,380,5
Lindt Lindor Irresistibly Smooth Assorted Chocolate Gift Pack,899,899,5
Choko La 35% Milk Chocolate,795,676,5
Kinder Joy (Blue),50,50,5
Kinder Schoko Bons Crispy,120,115,5
Snickers Peanut Brownie Filled Bar,70,63,6
Galaxy Smooth Milk Chocolate Bar with Goodness of Milk & Cocoa,99,92,6
Cadbury 5 Star 3D Filled Bar,40,38,6
The Select Aisle Dark Compound Chocolate Bar,249,228,6
Amul 99% Cacao Dark Chocolate Bar,200,200,6
Amul Bitter Dark Chocolate Bar,200,200,6
Loyka Choco Dates,80,75,6
Nestle Munch Max, Coated, Crunchy Wafer Chocolate,20,18,6
Kinder Joy (Harry Potter),50,50,6
Amul I Love You Fruit 'n' Nut Dark Chocolate Bar,200,200,6
Nestle Munch Brownie Max Wafer Chocolate,30,27,6
Nestle KitKat Rich Coated Wafer Chocolate,90,90,6
Nestle KitKat Share & Snap 2x3 Fingers Wafer Chocolate,55,50,6
Kinder Schoko Bons Crispy,40,38,6
Twix Caramel Filled Bar,70,66,6
Amul India Twilight Tryst Dark Chocolate Bar (55 % Rich in Cocoa),200,119,6
Cadbury Dairy Milk Silk Desserts Plum Cake Chocolate Bar, 70 g - Pack of 2,280,238,6
Nestle Munch Max Wafer Chocolate Pack,60,51,6
Cadbury Dairy Milk Silk Desserts Brownie Chocolate Bar, 140 g,280,238,6
Amul Sugar Free Dark Chocolate Bar,200,200,6
Nestle KitKat Share & Snap 2x3 Fingers Wafer Chocolate,55,50,7
Kinder Schoko Bons Crispy,40,38,7
Twix Caramel Filled Bar,70,66,7
Amul India Twilight Tryst Dark Chocolate Bar (55 % Rich in Cocoa),200,119,7
Cadbury Dairy Milk Silk Desserts Plum Cake Chocolate Bar, 70 g - Pack of 2,280,238,7
Nestle Munch Max Wafer Chocolate Pack,60,51,7
Cadbury Dairy Milk Silk Desserts Brownie Chocolate Bar, 140 g,280,238,7
Amul Sugar Free Dark Chocolate Bar,200,200,7
Amul India Twilight Tryst Single Origin Milk Chocolate Bar,200,134,7
Amul 90% Bitter Dark Chocolate Bar,200,200,7
Nestle Classic Milk Chocolate Bar Smooth & Creamy,165,165,7
Kinder Joy Harry Potter Shaped Chocolates,150,150,7
Sugar Free D'Lite Dark Chocolate Bar (Dark Crispy Quinoa & Roasted Almonds),99,87,7
Cadbury Dairy Milk Silk Desserts Plum Cake Chocolate Bar, 140 g,280,238,7
Didier & Frank Crunchy Hazelnut Dark Chocolate Bar - Pack of 2,798,591,7
Snickers Peanut Filled Bar 45 g + Twix Caramel Chocolate Bar Combo,120,108,7
Bounty Coconut Filled Bar + Twix Caramel Chocolate Bar Combo,150,135,7
Snickers Almond Filled Bar - Pack of 2,140,120,7
Cadbury Dairy Milk Chocolate Bar - 23 g,20,20,7
Didier & Frank 99% Ultimate Dark Chocolate Bar - Pack of 2,998,685,7
Galaxy Smooth Milk Milk Chocolate - Pack of 2,100,93,8
Fabelle Choco Deck French Dessert Chocolate Bar (3-Layered),80,68,8
Cadbury Dairy Milk Silk Mousse Valentines Chocolate Bar Gift Pack - Pack of 2,398,358,8
Cadbury Dairy Milk Silk Valentine's Heart Blush Chocolate Gift Pack,355,267,8
Didier & Frank Pure Cacao Powder +  75% Intense Dark Chocolate Bar Combo,598,390,8
Didier & Frank 99% Ultimate Dark Chocolate Bar + Didier & Frank Wicked 85% Dark Chocolate + Didier & Frank 75% Intense Dark Chocolate Bar Combo,1247,879,8
Galaxy Cookie Crumble Milk Chocolate With Cookie Pieces,99,92,8
Nestle KitKat Chunky Caramel Wafer Chocolate,80,60,8
Britannia Treat Croissant - Cocoa Crème,20,19,8
Cadbury 5 Star Chocolate Bar Kitted Pack,60,57,8
Milka Chips Ahoy Chocolate Bar,275,275,8
Delfi Twister Black Wafer Roll With Vanilla Cream,300,253,8
Delfi Twister Wafer Roll With Cappuccino Flavoured Cream,300,253,8
Delfi Twister Chocolate Cream Wafer Roll,300,253,8
Ritter Sport Raisins Hazelnuts Milk Chocolate Bar,350,330,8Name,Price,MRP,Page Number
Open Secret Zero Maida Healthy Millet Biscuit - Jeera +  Tandoori Masala Nut Mix Dry Fruit Snacks +  Tandoori Baked Chips (High Protein) Combo,130,107,1
Open Secret Zero Maida Healthy Millet Biscuit - Jeera +  Tandoori Masala Nut Mix Dry Fruit Snacks +  Chilli Pizza Baked Chips (High Protein) Combo,130,107,1
Open Secret Zero Maida Healthy Millet Biscuit - Chocolate +  Tandoori Masala Nut Mix Dry Fruit Snacks +  Tandoori Baked Chips (High Protein) Combo,130,107,1
Open Secret Kesar Badam Nutty Thandai Thandai Mix +  Zero Maida Healthy Millet Biscuit - Chocolate +  Tandoori Masala Nut Mix Dry Fruit Snacks Combo,444,332,1
Open Secret Zero Maida Healthy Millet Biscuit - Butter +  Tandoori Masala Nut Mix Dry Fruit Snacks +  Tandoori Baked Chips (High Protein) Combo,130,107,1
Open Secret Zero Maida Healthy Millet Biscuit - Butter +  Tandoori Masala Nut Mix Dry Fruit Snacks +  Chilli Pizza Baked Chips (High Protein) Combo,130,107,1
Open Secret Zero Maida Healthy Millet Biscuit - Chocolate +  Tandoori Masala Nut Mix Dry Fruit Snacks +  Chilli Pizza Baked Chips (High Protein) Combo,130,107,1
Open Secret Kesar Badam Nutty Thandai Thandai Mix +  Zero Maida Healthy Millet Biscuit - Butter +  Tandoori Masala Nut Mix Dry Fruit Snacks Combo,444,332,1
Open Secret Kesar Badam Nutty Thandai Thandai Mix +  Zero Maida Healthy Millet Biscuit - Jeera +  Tandoori Masala Nut Mix Dry Fruit Snacks Combo,444,332,1
Open Secret Kesar Badam Nutty Thandai Thandai Mix +  Zero Maida Healthy Millet Biscuit - Butter +  Tandoori Baked Chips (High Protein) Combo,429,335,1
Open Secret Kesar Badam Nutty Thandai Thandai Mix +  Zero Maida Healthy Millet Biscuit - Chocolate +  Chilli Pizza Baked Chips (High Protein) Combo,429,335,1
Open Secret Kesar Badam Nutty Thandai Thandai Mix +  Zero Maida Healthy Millet Biscuit - Jeera +  Zero Maida Healthy Millet Biscuit - Chocolate Combo,439,344,1
Open Secret Kesar Badam Nutty Thandai Thandai Mix +  Zero Maida Healthy Millet Biscuit - Butter +  Chilli Pizza Baked Chips (High Protein) Combo,429,335,1
Open Secret Kesar Badam Nutty Thandai Thandai Mix +  Zero Maida Healthy Millet Biscuit - Chocolate +  Tandoori Baked Chips (High Protein) Combo,429,335,1
Open Secret Kesar Badam Nutty Thandai Thandai Mix +  Zero Maida Healthy Millet Biscuit - Jeera +  Chilli Pizza Baked Chips (High Protein) Combo,429,335,1
Open Secret Kesar Badam Nutty Thandai Thandai Mix +  Zero Maida Healthy Millet Biscuit - Jeera +  Tandoori Baked Chips (High Protein) Combo,429,335,1
Open Secret Kesar Badam Nutty Thandai Thandai Mix +  Zero Maida Healthy Millet Biscuit - Jeera +  Zero Maida Healthy Millet Biscuit - Butter Combo,439,344,1
Bournvita Biscuit,35,35,1
RiteBite Max Protein Choco Chips Cookies,50,48,1
Unibic Sugar Free Multigrain Cookies,60,51,1
Hide & Seek Milano Biscuit,75,51,2
Patanjali Whole Wheat Nariyal Biscuit,30,30,2
McVitie's Tasties Coconut Cookies,180,96,2
Sunfeast Baked Creations Walnut & Choco Chip Cookies,150,134,2
Unibic Fruit and Nut Cookies,200,119,2
Sunfeast Baked Creations Rich Choco Chip Cookies,150,134,2
Unibic Choco Chip Cookies,200,119,2
Hide & Seek Milano Center Filled Biscuits (Vanilla Creme),75,51,2
Sunfeast Baked Creations Oats & Hazelnut Cookies,130,116,2
Unibic Assorted Cookies - Pack of 6,200,160,2
Karachi Bakery Cashew Bakery Cookies,230,230,2
Parle Happy Happy Choco Chip Cookies,150,89,2
Britannia Good Day Fruit & Nut Cookies,180,91,2
Britannia Good Day Cashew Biscuit (600 g),150,113,2
Open Secret Zero Maida Chocolate Almond Protein Cookies,105,99,2
Open Secret Cream & Onion Flavoured Cashew +  Tandoori Masala Nut Mix Dry Fruit Snacks +  Chocolate & Almond Protein Cookies Combo,205,167,2
Open Secret Chocolate Millet Healthy Biscuit (Zero Refined Sugar) +  Chocolate & Almond Protein Cookies Combo,150,135,2
Open Secret Butter Millet Healthy Biscuit (Zero Refined Sugar) +  Chocolate & Almond Protein Cookies Combo,150,135,2
Open Secret Chocolate Almond Valentines Heart Brownie, Veg Cake +  Chocolate & Almond Protein Cookies Combo,160,144,2
Open Secret Jeera Millet Healthy Biscuit (Zero Refined Sugar) +  Chocolate & Almond Protein Cookies Combo,150,135,2
Open Secret Zero Maida Healthy Millet Biscuit - Jeera,45,43,3
The Baker's Dozen Nankhatai Cookies,139,139,3
Unibic Assorted Cookies,340,259,3
Open Secret Caramel Sea Salt Flavoured Almonds +  Orange Cocoa Nutty Flavoured Almonds +  Chocolate & Almond Protein Cookies Combo,205,174,3
The Baker's Dozen Dark Chocolate Cookies,99,99,3
Open Secret Jeera Millet Healthy Biscuit (Zero Refined Sugar) x 3 +  Baked (Not Fried) Bhujia Namkeen - Healthy Snacks Combo,334,284,3
McVitie's Tasties Butter Jeera Cookies,170,91,3
Britannia Tiger Krunch Choco chips Cookies,150,77,3
Open Secret Zero Maida Healthy Millet Biscuit - Chocolate,45,43,3
McVitie's Hobnobs Crunchy Chocochip Cookies,35,32,3
Let's Try Ragi Kaju Pista Cookies,220,148,3
RiteBite Max Protein Daily Choco Classic Nutrition Bar +  Max Protein Choco Chips Cookies Combo,130,122,3
The Baker's Dozen Chocochip Cookies,59,59,3
Let's Try Aata Jeera Cookies,220,130,3
Cookieman Choc Chunk Cookies,149,144,3
The Baker's Dozen Peanut Butter Cookies,199,199,3
Sunfeast Dark Fantasy Choco Chip Chocolate Cookies,160,93,3
Open Secret Zero Maida Healthy Millet Biscuit - Butter,45,43,3
Parle 20-20 Gold Cashew Cookies,170,87,3
McVitie's Tasties Cashew Almond Biscuit,180,95,3
McVitie's Oat & Wholemeal Hobnobs Cookies,30,27,4
Cookieman Almond Finger Cookies,390,375,4
Sunfeast Mom's Magic Butter Cookies,140,92,4
RiteBite Max Protein Oats & Raisins Cookies,50,48,4
Karachi Bakery Double Delight Cashew & Fruit Bakery Cookies,240,240,4
Cookieman Sugar Free No Maida Cashew Cookies,179,172,4
Cookieman Double Chocolate Cookies,270,260,4
Cookieman Dark Chocolate Cookies,149,144,4
Let's Try Oats Coconut Cookies,220,159,4
Let's Try Oats Seeds Cookies,220,148,4
Karachi Bakery Triple Delight Fruit, Cashew & Osmania Biscuit,330,330,4
Let's Try Oats Choco Chip Cookies,220,176,4
Karachi Bakery Chocolate Cashew Biscuit,270,270,4
Sunfeast Farmlite Farmlite Super Millets Ragi and Jowar Chocochip Cookies + Farmlite Super Millets Ragi and Jowar Cookies Combo,100,75,4
Karachi Bakery Double Delight Fruit & Osmania Bakery Cookies,240,240,4
Open Secret Un-junked Jeera Biscuit + Open Secret Un-junked Chocolate Biscuit Combo,90,79,4
Open Secret Un-junked Butter Biscuit + Open Secret Un-junked Jeera Biscuit Combo,90,79,4
Open Secret Un-junked Butter Biscuit + Open Secret Un-junked Chocolate Biscuit Combo,90,79,4
Open Secret Un-junked Butter Biscuit + Open Secret Un-junked Chocolate Biscuit + Open Secret Un-junked Jeera Biscuit Combo,135,115,4
The Baker's Dozen Christmas Shortbread Cookies,349,349,4
Open Secret Un-junked Jeera Biscuit + Open Secret Tandoori Masala Nutty Nuts + Open Secret Unjunked Bhujia Combo,294,250,5
Lotus Biscoff Biscuit,189,174,5
Parle Hide & Seek Biscuits Gift Pack (Choco, Milano Collection),170,88,5
Open Secret Celebration Chocolate Biscuits Gift Pack (Zero Maida),350,303,5
Lo! Foods Keto Almond Cookies (Low Carb, Sugar Free Biscuit),219,200,5
Bauli Spyroll Swiss Roll,15,14,5
Loacker Quadratini Napolitaner Wafers,249,149,5
Loacker Quadratini Vanilla Wafers,249,149,5
Sapphire Original Danish Chocochip Cookies,150,143,5
Britannia Pure Magic Chocolush Choco Filled Cookies,170,88,5
Tiffany Sugar Free Cream Biscuits - Lemon Flavour,250,240,5
Cookieman Sugar Free Multigrain Cookies,179,172,5
Sapphire Vege Crackers,200,190,5
The Baker's Dozen Pista Badam Cookies,59,59,5
Sapphire Silver Collection Butter Cookies Gift Pack,350,315,5
RiteBite Max Protein Daily Choco Almond Protein Bar + RiteBite Max Protein Choco Chips Cookies Combo,130,122,5
IKO Sugar Free Regular Oat Cookies Original,250,196,5
Sunfeast All Rounder Potato Biscuits with Chatpata Masala Flavour,25,24,5
Royal Dansk Chocolate Chip Cookies,600,600,5
IKO Oat Cracker Cookies With 3 Fruits,199,156,5
IKO Sugar Free Oatmeal Cookies (9 Grains),250,196,6
Nutter Butter Peanut Butter Sandwich Cookies,190,177,6
IKO Sugar Free Oat Bran Cookies,250,196,6
RiteBite Max Protein Daily Choco Berry Protein Bar + RiteBite Max Protein Oats & Raisins Cookies Combo,130,122,6
Open Secret Tandoori Baked Chips (High Protein) +  Zero Maida Chocolate Almond Protein Cookies Combo,140,126,6
Open Secret Zero Maida Chocolate Almond Protein Cookies +  Chilli Pizza Baked Chips (High Protein) Combo,140,126,6
Lo! Foods Premium Healthy Almond Cookies (No Added Sugar),109,100,6
Sunfeast Mom's Magic Cashew & Almond Cookies,40,36,6
Britannia Pure Magic Choco Stars Chunky Chocolate Topped Cookies,30,26,6
Sunfeast Mom's Magic Biscuit - Cashew & Almond Cookies,150,104,6
Parle Hide & Seek Milano Chocolate Chip Biscuit,40,40,6
Britannia Good Day Butter Biscuit - Pack of 2,280,214,6
Unibic Cashew Badam Cookies,160,91,6
Britannia Good Day Cashew Biscuit,40,39,6
Sapphire Original Danish Butter Cookies,150,143,6
Britannia Good Day Butter Cookies,40,40,6
Britannia Pure Magic Choco Frames Harry Potter Biscuit,60,56,6
Britannia Little Hearts Classic Crunch Biscuit + Britannia Pure Magic Choco Stars Chunky Chocolate Topped Cookies Combo,60,54,6
Britannia Good Day Cashew Biscuit +  Butter Cookies Combo,80,74,6
Open Secret Kesar Badam Nutty Thandai Thandai Mix +  Zero Maida Healthy Millet Biscuit - Chocolate x 2 Combo,439,344,6
Britannia Good Day Butter Cookies,40,40,7
Britannia Pure Magic Choco Frames Harry Potter Biscuit,60,56,7
Britannia Little Hearts Classic Crunch Biscuit + Britannia Pure Magic Choco Stars Chunky Chocolate Topped Cookies Combo,60,54,7
Britannia Good Day Cashew Biscuit +  Butter Cookies Combo,80,74,7
Open Secret Kesar Badam Nutty Thandai Thandai Mix +  Zero Maida Healthy Millet Biscuit - Chocolate x 2 Combo,439,344,7
Hide & Seek Milano Center Filled Biscuits (Mixed Berries),75,51,7
Britannia BisCafe Coffee Crackers,35,32,7
Karachi Bakery Osmania Chai Bakery Cookies,190,98,7
Open Secret Chocolate Almond Valentines Heart Brownie, Veg Cake +  Assorted Protein Cookies Gift Pack - Choco Almonds, White Choco Cashews & Peanut Butter Combo,160,144,7
Karachi Bakery Gur Atta Biscuit,300,270,7
Open Secret Cream & Onion Flavoured Cashew +  Tandoori Masala Nut Mix Dry Fruit Snacks +  Assorted Protein Cookies Gift Pack - Choco Almonds, White Choco Cashews & Peanut Butter Combo,205,167,7
Open Secret Caramel Sea Salt Flavoured Almonds +  Orange Cocoa Nutty Flavoured Almonds +  Assorted Protein Cookies Gift Pack - Choco Almonds, White Choco Cashews & Peanut Butter Combo,205,174,7
Open Secret Chocolate Millet Healthy Biscuit (Zero Refined Sugar) +  Assorted Protein Cookies Gift Pack - Choco Almonds, White Choco Cashews & Peanut Butter Combo,150,135,7
Open Secret Jeera Millet Healthy Biscuit (Zero Refined Sugar) +  Assorted Protein Cookies Gift Pack - Choco Almonds, White Choco Cashews & Peanut Butter Combo,150,135,7
Open Secret Butter Millet Healthy Biscuit (Zero Refined Sugar) +  Assorted Protein Cookies Gift Pack - Choco Almonds, White Choco Cashews & Peanut Butter Combo,150,135,7
The Baker's Dozen Coconut Oats Cookies,89,89,7
Sunfeast Mom's Magic Rich Butter Cookies,40,36,7
Open Secret Chocolate & Almond Protein Cookies +  Assorted Protein Cookies Gift Pack - Choco Almonds, White Choco Cashews & Peanut Butter Combo,210,185,7
Open Secret Assorted Protein Cookies Gift Pack - Choco Almonds, White Choco Cashews & Peanut Butter +  Chocolate Almond Valentines Heart Brownie, Veg Cake +  Chocolate & Almond Protein Cookies Combo,265,225,7
Open Secret Chocolate Millet Healthy Biscuit (Zero Refined Sugar) x 3 +  Baked (Not Fried) Bhujia Namkeen - Healthy Snacks Combo,334,284,7
Parle Platina Hide & Seek Cookies,125,65,8
Batter Chatter Atta Cookies,130,69,8
Sunfeast Mom's Magic Cashew & Almond Cookies,290,148,8
RiteBite Max Protein Nuts & Seeds Cookies,50,48,8
The Baker's Dozen Dark Chocolate Cookies,199,199,8
Kikibix Sattu Almond Protein Cookies,199,169,8
RiteBite Max Protein Energy Bar (Fruit and Nut) +  Max Protein Nuts & Seeds Cookies +  Max Protein Chinese Manchurian Chips Combo,175,163,8
RiteBite Max Protein Choco Chips Cookies +  Max Protein Peri Peri Chips Combo,95,89,8
Batter Chatter Dry Fruit Cookies,140,75,8
Nourish Organics Chocolate Coconut Cookies,250,250,8
RiteBite Max Protein Choco Chips Cookies +  Max Protein Cream & Onion Chips Combo,95,89,8
RiteBite Max Protein Oats & Raisins Cookies +  Max Protein Choco Chips Cookies +  Max Protein Nuts & Seeds Cookies Combo,150,140,8
RiteBite Peanut Butter Dark Chocolate Quinoa Crispies Oats Nutrition Bar +  Max Protein Oats & Raisins Cookies +  Max Protein Cheese & Jalapeno Chips Combo,140,130,8
RiteBite Max Protein Choco Chips Cookies +  Max Protein Daily Choco Almond Protein Bar +  Max Protein Peri Peri Chips Combo,175,163,8
McVitie's Ginger Cookies,200,129,8
RiteBite Max Protein Active Choco Slim Nutrition Bar +  Max Protein Choco Chips Cookies Combo,175,165,8
RiteBite Max Protein Choco Chips Cookies +  Max Protein Bar (Peanut Butter) +  Max Protein Cream & Onion Chips Combo,235,219,8
Atmosphere Studio Chocolate Sea Salt Biscuit,350,298,8
Atmosphere Studio Orange Cranberry Almond Flour Biscuit,350,298,8
Nourish Organics Almond Buckwheat Cookies,250,250,8
McVitie's Millet Honey Cookies,60,60,9
McVitie's Millet Almond Cookies,50,50,9
Open Secret White Chocolate Cashew Protein Cookies - Pack of 2,210,186,9
Cookieman Almond Finger Cookies - Pack of 2,780,743,9
Britannia Good Day Chunkies Chocolate Chip Cookies (100 g),80,52,9
McVitie's Ginger Cookies - Buy 2 Get 2 Free,80,80,9
Lo! Foods Gluten Free Pista Cookies (Sugar Free Biscuit),99,99,9
Open Secret Chilli Pizza Baked Chips (High Protein) +  Zero Maida Assorted Protein Cookies Gift Pack Combo,140,126,9
Open Secret Tandoori Baked Chips (High Protein) +  Zero Maida Assorted Protein Cookies Gift Pack Combo,140,126,9
Britannia Shubhkamnaye Meetha Namkeen Delights Biscuits Gift Pack (380.5 g),120,120,9
Sunfeast Farmlite Digestive High Fibre Biscuit,220,99,9
Britannia Shubhkamnaye Meetha Namkeen Delights Biscuits Gift Pack,250,250,9
Britannia Shubhkamnaye Choco Delights Biscuits Gift Pack,200,200,9
IKO Sugar Free Oat Meal Pumpkin Cookies,250,196,9
Kikibix Ragi Mocha Chocolate Healthy Cookies,200,169,9
Kikibix Cranberry Walnut Digestive Guilt-free Cookies,249,218,9
Kikibix Cranberry Oats Wholegrain Cookies,200,169,9Name,Price,MRP,Page Number
Tetley Original Black Tea - Tea Bags,220,187,1
Brooke Bond Red Label Tea,135,135,1
Brooke Bond Taj Mahal Tea 500 g,360,330,1
Goodricke Thurbo Darjeeling Tea Whole Leaf,175,175,1
Tata Tea Gold Tea (1.5 kg),930,893,1
Chaayos Masala Instant Tea Premix Regular Sugar,189,179,1
Tata Tea Gold Care Tea,295,248,1
Tata Tea Premium Tea 1 Kg,560,468,1
Lipton Darjeeling Tea,520,520,1
Tata Tea Gold Vita Care Tea,180,135,1
Chaayos Adrak Elaichi Tea,139,129,1
Chaayos Desi Masala Tea,139,129,1
Chaayos Cardamom Instant Tea Premix Regular Sugar,189,179,1
Chaayos Masala Chai Tea Bags,159,149,1
Tata Tea Gold Darjeeling Fine Long Leaf Tea,415,403,1
Goodricke Strong CTC Leaf Tea,100,100,1
Chaayos Adrak Elaichi Instant Tea Premix Low Sugar,375,299,1
Organic India Tulsi Ginger Tea Bags,235,221,1
Brooke Bond Taj Mahal Tea (1 kg),710,645,1
Wagh Bakri Navchetan Leaf Tea,240,234,1
Goodricke Khaass Exclusive Assam Tea,175,175,2
Goodricke Strong CTC Leaf Tea,195,195,2
Tetley Premium Black Leaf Tea (250 g),235,178,2
Chaayos Adrak Elaichi Tea +  Masala Tea Combo,278,250,2
Chaayos Cardamom Instant Tea Premix Regular Sugar +  Masala Instant Tea Premix Regular Sugar Combo,378,348,2
Twinings Mint Green Tea Bags,345,328,2
Wagh Bakri Premium Leaf Tea,145,145,2
Wagh Bakri Premium Leaf Tea,640,619,2
Twinings Origins Classic Assam Tea Bags,285,260,2
Chaayos Adrak Elachi Instant Tea Premix +  Cardamom Instant Tea Premix Regular Sugar +  Masala Instant Tea Premix Regular Sugar Combo,587,528,2
Wagh Bakri Spiced Tea,160,150,2
Brooke Bond Red Label Tea,40,40,2
Tata Tea Premium Tea Bags - Pack of 2,310,307,2
Goodricke Khaass Exclusive Assam Tea Bags,50,50,2
Brooke Bond Red Label Tea (500 g),270,270,2
Chaayos Adrak Elachi Instant Tea Premix,209,199,2
Flurys Classic Assam Tea Bags,210,126,2
Chaayos Masala Instant Tea Premix Regular Sugar +  Adrak Elachi Instant Tea Premix Combo,398,366,2
Chaayos Cardamom Instant Tea Premix Regular Sugar +  Adrak Elachi Instant Tea Premix Combo,398,366,2
Chaayos Masala Instant Tea Premix Regular Sugar,375,299,2Name,Price,MRP,Page Number
24 Mantra Organic Whole Wheat Atta,425,355,1
Whole Farm Chakki Atta +  Premium Maida/Refined Wheat Flour +  Premium Sooji/Rava Combo,374,268,1
Whole Farm Chakki Atta (100% Atta, 0% Maida) +  Premium Cold Pressed Mustard Oil Combo,580,373,1
Whole Farm Chakki Atta +  Premium Sooji/Rava Combo,332,237,1
Sharma Ji Ka Aata - Wheat Atta,355,332,1
Aashirvaad Organic Atta,404,337,1
Aashirvaad Organic Atta,82,82,1
Organic Tattva Wheat Organic Atta 5 kg,449,334,1
Organic Tattva Multigrain Organic Atta,125,101,1
24 Mantra Organic 7 Grain Atta,125,116,1
24 Mantra Organic Premium Whole Wheat Atta,85,80,1
Praakritik Organic Khapli Wheat Atta,189,181,1
Amul Organic Atta (Whole Wheat),75,64,1
Safe Harvest Wheat Pesticide Free Atta,385,355,1
Nutty Yogi Gluten Free Missi Atta,298,237,1
Organic Tattva Wheat Organic Atta 1 kg,80,66,1
Pillsbury Chakki Fresh Atta -10 Kg,500,427,1
Pillsbury Multigrain Atta,364,292,1
Ganesh Premium Sharbati Atta,79,60,1
Sugar Watchers 7-Grain Low GI Atta,169,139,1
Sharma Ji Ka Aata Multigrain Atta,405,379,2
The Better Flour Fibre Forward Blend Atta,160,137,2
Pro Nature Whole Wheat Organic Atta,409,385,2Name,Price,MRP,Page Number
Catch Sprinklers - Chat Masala,90,61,1
Ganesh Chilli Powder (Lalgobhi Gura),65,23,1
Whole Farm Premium Desiccated Coconut Powder (Burada) (Narkel Gura),50,39,1
Catch Kashmiri Red Chilli Powder (Lalgobhi Gura),110,94,1
Cookme Jeera Powder / Cumin Powder (Jeera Gura),50,50,1
Sunrise Pure Coriander Powder/Dhania Powder (Dhoney Gura),38,38,1
Tata Sampann Turmeric Powder with Natural Oils (Haldi Gura),100,93,1
Everest Chat Masala,85,85,1
JK Black Pepper Powder (Golmorich Gura),85,85,1
Catch Sprinklers - Black Pepper Powder (Golmorich Gura),100,100,1
Cookme Turmeric Powder (Haldi Gura),40,40,1
Everest Pav Bhaji Masala,90,90,1
Cookme Dhania/ Coriander Powder (Dhoney Gura),20,20,1
Catch Coriander Powder/Dhania (Dhoney Gura),80,69,1
Everest Sambhar Masala,80,80,1
Catch Compounded Hing Powder (Hing Gura),74,64,1
Everest Jeera Powder / Cumin Powder (Jeera Gura),47,47,1
Sunrise Pure Shorshe Posto Powder/Mustard and Poppy Seeds (Gura),80,80,1
Catch Black Pepper Powder (Golmorich Gura),180,153,1
Catch Super Garam Masala,52,45,1
Everest Shahi Biryani Masala,83,83,2
Catch Dry Mango / Amchur Powder,90,77,2
Everest Garam Masala,52,52,2
Everest Chicken Masala (Murgir Masala),92,92,2
Emami Healthy & Tasty Mantra Chatpata Chat Masala,79,41,2
Everest Chole Masala,88,88,2
Catch Peri Peri Masala Sprinkler,99,89,2
Emami Healthy & Tasty Mantra Turmeric Powder/Haldi Powder (Haldi Gura),54,33,2
JK Mustard Powder (Sorisha Gura),30,30,2
Everest Tandoori Chicken Masala (Murgir Masala),92,92,2
Cookme Chilli Powder (Lalgobhi Gura),56,56,2
Whole Farm Premium Coriander Powder (Dhoney Gura),210,115,2
Sunrise Pure Meat Masala (Mangsho Masala),49,49,2
Everest Compounded Yellow Hing Powder (Hing Gura),96,96,2
Everest Sabzi Masala (Sabji Masala),72,72,2
JK Amchur Powder,80,60,2
JK Green Coconut Powder (Narkel Gura),68,68,2
Sunrise Pure Curry Chicken Masala (Murgir Masala),48,48,2
Emami Healthy & Tasty Mantra Dhaniya/ Coriander Powder (Dhoney Gura),84,44,2
Tata Sampann Chilli Powder with Natural Oils (Lalgobhi Gura),315,211,2
Tata Sampann Garam Masala Powder with Natural Oils,105,98,3
Zoff Jeera Powder / Cumin Powder (Jeera Gura),120,58,3
Deer Brand Moghlai Meetha Attar Essence,60,60,3
Everest Meat Masala (Mangsho Masala),92,92,3
Everest Pani Puri Masala,40,40,3
Everest Amchur Powder,96,96,3
Catch Jaljeera Masala,70,48,3
Snapin Cardamom Powder (Elaichi Gura),299,225,3
Catch Dry Ginger Powder (Adrak Gura),80,69,3
Emami Healthy & Tasty Mantra Mirch/ Chilli Powder (Lalgobhi Gura),34,24,3
Sunrise Pure Tadka Masala,47,47,3
Emami Healthy & Tasty Mantra Dhaniya/ Coriander Powder (Dhoney Gura),42,26,3
Cookme Kashmiri Chilli Powder (Lalgobhi Gura),50,50,3
Catch Sabzi Masala (Sabji Masala),72,62,3
Snapin Cinnamon Powder (Dalchini Gura),129,111,3
Everest Shahi Paneer Masala,51,51,3
JK Red Chilli Powder (Hot) (Lalgobhi Gura),60,50,3
Everest Chai Masala,68,68,3
Tata Sampann Kashmiri Red Chilli Powder with Natural Oils (Lalgobhi Gura),120,113,3
Whole Farm Premium Hing Powder Compounded (Hing Gura),120,65,3
Whole Farm Premium Lucknow Saunf Seeds (Saunf),90,58,4
JK Powder Jaljeera Masala,65,49,4
Catch Kitchen King Masala,95,81,4
Keya Garlic Powder (Rasun Gura),99,88,4
Sunrise Pure Biryani Masala,82,82,4
JK Kashmiri Mirch/ Chilli Powder (Lalgobhi Gura),120,90,4
Catch Hing Powder (Hing Gura),275,220,4
Catch Sambhar Masala,82,70,4
MTR Sambhar Powder,86,79,4
Eastern Chicken Masala (Murgir Masala),63,42,4
Eastern Sambhar Masala,60,53,4
Whole Farm Premium Red Chilli Powder (Lalgobhi Gura),240,240,4
Shan Bombay Biryani Masala,110,107,4
Smith & Jones Pasta Masala - Pack of 14,70,63,4
Tata Sampann Kitchen King Masala with Natural Oils,95,88,4
JK Chat Masala,80,60,4
Shan Meat Masala (Mangsho Masala),110,107,4
Orika Old Dilli Chat Masala - Sprinkler,96,71,4
Shan Biryani Masala,110,107,4
JK Shahi Garam Masala,90,68,4
Cookme Sukto Masala,45,45,5
Whole Farm Premium Hing Powder (Compounded) (Hing Gura),199,131,5
Everest Rajma Masala,82,82,5
Emami Healthy & Tasty Mantra Hing Powder (Hing Gura),143,82,5
Emami Healthy & Tasty Chilli Powder / Kashmiri Lal Mirch (Lalgobhi Gura),100,60,5
Tata Sampann Chole Masala with Natural Oils,93,87,5
Catch Matar Paneer Masala,45,39,5
Orika Black Pepper Powder (Golmorich Gura),160,123,5
Eastern Mutton Masala,62,41,5
Shan Tandoori Chicken Masala (Murgir Masala),110,107,5
Catch Biryani Masala,90,78,5
Zoff Amchur Powder,100,61,5
MTR Idli/Dosa - Chilli Chutney Powder (Chutney Gura),155,155,5
Snapin Kashmiri Chilli Paprika (Lal Mirch),99,93,5
Emami Healthy & Tasty Mantra Shorshe/Sorse Posto Tastemaker,80,55,5
Snapin Nutmeg Powder (Jaiphal Gura),149,128,5
Catch Raita Masala,94,63,5
Whole Farm Premium Arrowroot Powder (Arrowroot Gura),60,57,5
Orika African Peri Peri Masala,115,115,5
Catch Chana Masala,89,76,5
Everest Ginger Powder (Adrak Gura),90,90,6
Orika Malabar Black Pepper Powder (Golmorich Gura),195,141,6
JK Sabzi Masala (Sabji Masala),38,29,6
Eastern Turmeric Powder (Haldi Gura),95,75,6
Tata Sampann Pav Bhaji Masala with Natural Oils,95,94,6
Tata Sampann Chicken Masala with Natural Oils (Murgir Masala),97,91,6
On1y Onion Powder (Onion Gura),99,90,6
Emami Healthy & Tasty Mantra Punjabi Chole Masala,78,41,6
Catch Dal Makhani Masala,80,69,6
Catch Pasta Masala,55,48,6
Eastern Kebab Masala,55,55,6
JK Royal Garam Masala,70,51,6
Shan Nihari Masala,110,107,6
On1y Cinnamon Powder (Dalchini Gura),139,121,6
Orika Today's Special Magic Masala,60,45,6
Orika Southern Gun Powder,135,92,6
Emami Healthy & Tasty Mantra Special Chicken Masala (Murgir Masala),88,46,6
Everest Royal Garam Masala,102,102,6
Tata Sampann Paneer Masala Powder with Natural Oils,104,102,6
Orika Tandoori All Purpose Seasoning,109,65,6
Orika Tandoori All Purpose Seasoning,109,65,7
Whole Farm Cardamom Powder (Elaichi Gura),380,215,7
Sunrise Pure Macher Jhol/ Fish Masala (Machher Masala),51,51,7
Tata Sampann Meat Masala with Natural Oils (Mangsho Masala),97,90,7
Eastern Coriander Powder (Dhoney Gura),86,80,7
Keya Onion Powder (Onion Gura),99,90,7
Shan Chicken Masala (Murgir Masala),99,96,7
Orika African Peri Peri Seasoning Powder,99,79,7
Eastern Red Chilli Powder (Lalgobhi Gura),125,121,7
Shan Haleem Masala,110,107,7
On1y Ginger Powder (Adrak Gura),99,90,7
Emami Healthy & Tasty Mantra Nawabi Meat Masala (Mangsho Masala),88,46,7
Everest Kesari Milk Masala Premix (Dudh Masala),210,210,7
Eastern Kashmiri Red Chilli Powder (100 g) (Lalgobhi Gura),110,110,7
Shan Seekh Kebab Masala,110,107,7
Catch Shahi Paneer Masala,100,85,7
Emami Healthy & Tasty Kitchen King Masala,80,48,7
JK Shahi Biryani Masala,125,75,7
Orika Kashmiri Chilli Powder (Lalgobhi Gura),124,81,7
Whole Farm Premium Red Chilli Powder (Lalgobhi Gura),140,83,7
Shan Mixed Korma Masala Powder,110,107,8
Zoff Chat Masala,105,59,8
Tata Sampann Dal Tadka Masala with Natural Oils,85,84,8
Eastern Fish Masala (Machher Masala),59,59,8
India Gate Classic Kolkata Biryani Masala - 70 g,99,51,8
Aashirvaad Sambhar Masala,90,79,8
Keya Ginger Garlic Powder (Rasun Gura),99,88,8
Eastern Kashmiri Red Chilli Powder (Lalgobhi Gura),270,249,8
Orika We Desi Pasta Masala,72,59,8
Shan Zafrani Garam Masala,115,112,8
Orika Srilankan Cinnamon Powder (Dalchini Gura),185,149,8
Catch Fish Masala (Machher Masala),49,43,8
Cookme Garam Masala,135,135,8
Keya Ginger Powder (Adrak Gura),109,99,8
Eastern Turmeric Powder/Haldi (Haldi Gura),40,40,8
India Gate Classic Kolkata Biryani Masala,145,117,8
Orika Chicken Masala (Murgir Masala),89,50,8
Orika Malabar Black Pepper (Kaalo Morich),215,215,8
India Gate Classic Lucknowi Biryani Masala - 70 g,99,51,8
Orika Himalayan Pink Salt (Gulabi Nuun),135,109,8
Orika Amchur Powder,95,73,9
Aashirvaad Chat Masala,90,78,9
Shan Fish Masala (Machher Masala),110,107,9
Orika Garam Masala,105,76,9
Zoff Curry Chicken Masala (Murgir Masala),105,63,9
JK Kitchen King Masala Powder,88,66,9
Orika Delhi Highway Parantha Masala - Dhaba Style,120,89,9
Orika Meat Masala (Mangsho Masala),88,49,9
India Gate Classic Hyderabadi Biryani Masala,145,117,9
JK Curry Powder,55,42,9
Orika Malai Tikka All Purpose Seasoning,99,76,9
Chukde Cassia Powder (Cassia Gura),100,89,9
Orika Smokey Garlic Marinade,149,102,9
Shan Tikka Boti BBQ Instant Mix,110,107,9
Eastern Garam Masala,100,100,9
Orika College Canteen Omelette & Bhurji Masala Instant Mix,60,41,9
Chukde Green Cardamom Powder (Elaichi Gura),380,287,9
Hamdard Khaalis Biryani Masala Seasoning Mix,80,75,9
Zoff Pani Puri Masala,105,55,9
Hamdard Khaalis Butter Chicken Masala Mix Masala Powder (Murgir Masala),80,75,9
Hamdard Khaalis Tandoori Mix Masala Powder,80,75,10
Orika Meat Masala +  70's Sabut Garam Masala Whole Combo,223,109,10
Hamdard Khaalis Tikka Masala Seasoning Mix,80,75,10
Zoff Kitchen King Masala,105,60,10
Zoff Meat Masala (Mangsho Masala),105,64,10
Hamdard Khaalis Korma Masala,80,75,10
Eastern Black Pepper Powder (Golmorich Gura),165,163,10
On1y Seed Cardamom Powder (Elaichi Gura),459,414,10
Orika Today's Special Magic Masala - Pack of 2,120,87,10
Hamdard Khaalis Meat Masala Mix Masala Powder (Mangsho Masala),88,83,10
Orika Chicken Masala +  70's Sabut Garam Masala Whole Combo,224,129,10
Zoff Shahi Biryani Masala,275,139,10
Orika Meat Masala +  Nagauri Bold Cumin Seeds / Jeera Seeds Whole Combo,287,179,10
Orika Chicken Masala +  Nagauri Bold Cumin Seeds / Jeera Seeds Whole Combo,288,183,10
India Gate Classic Kolkata Biryani Masala - 70 g +  Classic Basmati Rice Combo,351,280,10
India Gate Classic Lucknowi Biryani Masala - 70 g +  Classic Basmati Rice Combo,351,280,10
India Gate Classic Kolkata Biryani Masala - 70 g +  (Short Grain) Jeera Rice Combo,244,194,10
India Gate Classic Lucknowi Biryani Masala - 70 g +  (Short Grain) Jeera Rice Combo,244,194,10
Organic Tattva - Organic Turmeric Powder,70,58,10
Organic Tattva Organic Cumin Powder / Jeera Powder,190,165,10
24 Mantra Organic Turmeric Powder,130,101,11
Organic Tattva Organic Cinnamon Powder,225,192,11
Organic Tattva Dry Organic Ginger Powder,70,60,11
Praakritik B12 Organic Moringa Powder,160,138,11
Organic Tattva Red Organic Chilli Powder,110,94,11
Organic Tattva Organic Coriander Powder,80,70,11
Conscious Food Organic Turmeric Powder (High curcumin),120,97,11
Praakritik Organic Ginger Powder,139,110,11
Praakritik Organic Beet Root Powder,269,174,11
Orika 70's Sabut Garam Masala Whole +  Delhi Highway Parantha Masala - Dhaba Style Combo,255,179,11
Orika Nagauri Bold Cumin Seeds / Jeera Seeds Whole +  Delhi Highway Parantha Masala - Dhaba Style Combo,319,221,11
24 Mantra Organic Coriander Powder,40,37,11
Praakritik Organic Onion Powder,149,121,11
Organic Tattva Black Organic Pepper Powder,245,198,11
Curryit Dhaba Butter Masala Premium Cooking Paste,159,120,11
Curryit Chettinad Chicken Masala Curry Paste,159,120,11
Praakritik Organic Cumin Powder / Jeera Powder,189,168,11
Organic Tattva Organic Kitchen King Masala,115,98,11
Conscious Food Organic Hing Powder,393,286,11
Praakritik Organic Red Chilli Powder,95,94,11
Curryit Kashmiri Rogan Josh Curry Paste,159,120,12
Curryit Kosha Mangsho Mutton & Chicken Curry Paste,159,120,12
Curryit Punjabi Kadhai Masala Premium Cooking Paste,159,120,12
Organic India Organic Coriander Powder,75,73,12
Praakritik Natural Garam Masala,290,263,12
CURRYiT Hyderabadi Biryani Premium Cooking Paste,159,120,12
Aashirvaad Haldi/ Turmeric Powder (100 g) (Haldi Gura),40,18,12
Tata Sampann Coriander Powder with Natural Oils (Dhoney Gura),86,77,12
JK Hing Powder (Hing Gura),98,74,12
Emami Healthy & Tasty Mantra Coriander Powder/Dhaniya (Dhoney Gura),21,15,12
Aashirvaad Chilli Powder /Lal Mirch Powder (Lalgobhi Gura),72,29,12
Everest Kitchen King Masala,90,90,12
Cookme Black Pepper Powder (Golmorich Gura),85,85,12
Catch Meat Masala (Mangsho Masala),95,71,12
Emami Healthy & Tasty Mantra Traditional Garam Masala,94,42,12
Shan Tikka Chicken Masala (Murgir Masala),110,107,12
Shan Achar Gosht / Meat Masala (Mangsho Masala),90,90,12
Organic Tattva Organic Wheat Grass Powder,295,239,12
Organic Tattva Sabzi Masala,110,94,12
Snapin Garlic Powder (Rasun Gura),99,85,12
Everest Compounded Hing Powder (Hingraj) (Hing Gura),143,143,13
Everest Jaljeera Masala,35,35,13
Catch Chicken Masala (Murgir Masala),90,68,13
Whole Farm Premium Turmeric Powder (Haldi Gura),64,28,13
Flavour Bucket Biryani Flavour Essence,39,39,13
Zoff Garlic Powder (Rasun Gura),50,41,13
Whole Farm Premium Turmeric Powder (Haldi Gura),310,155,13
Flavour Bucket Royal Meetha Attar Essence,50,50,13
Aashirvaad Kashmiri Chilli Powder (Lalgobhi Gura),140,90,13
Zoff Onion Powder (Onion Gura),50,41,13
India Gate Classic Hyderabadi Biryani Masala - 70 g,99,51,13
Tata Sampann Chilli Powder + Tata Sampann Turmeric Powder/Haldi + Tata Sampann Coriander Powder/Dhania Combo,314,255,13
Aashirvaad Coriander Powder /Dhaniya Powder (Dhoney Gura),46,30,13
Shan Sindhi Biryani Masala,110,107,13
Whole Farm Premium Turmeric Powder +  Premium Coriander Powder +  Premium Red Chilli Powder Combo,186,106,13
Eastern Egg Masala (Anda Masala),52,52,13
Eastern Chilli Chicken Masala (Murgir Masala),60,60,13
Hamdard Khaalis Haleem Masala,70,70,13
Sunrise Pure Pasta Masala,50,50,13
India Gate Classic Hyderabadi Biryani Masala - 70 g +  Classic Basmati Rice Combo,351,280,13
India Gate Classic Hyderabadi Biryani Masala - 70 g +  (Short Grain) Jeera Rice Combo,244,194,14
24 Mantra Organic Red Chilli Powder - Pack of 2,280,216,14